DATE,NG1_PRICE,OIL_PRICE,COAL_PRICE,LMP_H,LMP_N,LMP_S,LMP_W,LNG_PRICE,NG_STORAGE,TAVG,AWND,PRCP,WT_FOG,WT_HFOG,WT_THNDR,WT_ICE,WT_HAIL,WT_GLAZE,WT_HAZE,LOAD_MW
4/8/24,1.8575,86.43,128.2,26.35,24.42,28.31,34.26,5.46,1014,67,9.4,0.01,1,0,0,0,0,0,1,43277.56926
4/5/24,1.785,86.91,129.1,9.06,8.29,9.52,3.58,5.46,1014,65,7.16,0,0,0,0,0,0,0,0,43223.97195
4/4/24,1.774,86.59,128.2,17.87,16.67,19.85,32.3,5.46,996,59,4.25,0,0,0,0,0,0,0,0,43286.15326
4/3/24,1.841,85.43,129.65,29.29,26.91,31.87,60.99,5.46,996,62,8.5,0,0,0,0,0,0,0,0,43259.42649
4/2/24,1.862,85.15,132.25,18.86,14.42,18.98,16.74,5.46,996,61.5,11.86,0,0,0,0,0,0,0,0,43167.79365
4/1/24,1.837,83.71,132,28.37,23.89,25.14,25.36,5.46,996,71.5,12.53,0,1,0,0,0,0,0,1,44184.3456
3/29/24,1.7518,83.12,129.1,8.67,7.95,5.08,1.8,5.69,996,60,9.84,0,0,0,0,0,0,0,0,42889.687
3/28/24,1.763,83.17,129.1,21.2,19.37,22.5,56.53,5.69,991,54,5.59,0,1,0,0,0,0,0,0,43206.89016
3/27/24,1.718,81.35,129,19.03,17.07,21.38,47.42,5.69,991,48,5.37,0,0,0,0,0,0,0,0,43002.286
3/26/24,1.788,81.62,128.9,26.06,24.65,26.31,63.95,5.69,991,56,8.05,0,0,0,0,0,0,0,0,42795.19342
3/25/24,1.789,81.95,128.95,16.24,13.96,18.46,24.73,5.69,991,58,9.84,0.12,1,0,0,0,0,0,0,43783.60374
3/22/24,1.812,80.63,127.7,23.37,20.27,27.5,62.58,5.69,991,59,10.07,0.04,1,0,1,0,0,0,0,43045.61231
3/21/24,1.831,81.07,128.25,35.37,32.2,41.48,76.26,5.69,993,62,12.3,1.63,1,0,1,0,0,0,0,42434.73097
3/20/24,1.845,81.27,128.9,22.98,20.16,24.14,49.46,5.69,993,54,4.92,0,0,0,0,0,0,0,0,42332.51124
3/19/24,1.876,82.73,129.4,19.09,16.63,20.96,39.44,5.69,993,49,5.59,0,0,0,0,0,0,0,0,43107.54372
3/18/24,1.833,82.16,129.75,25.18,22.6,19.56,72.68,5.69,993,55,12.97,0,0,0,0,0,0,0,0,42596.72435
3/15/24,1.789,80.58,131,18.73,13.12,16.88,23.53,5.69,993,68,8.05,0.07,1,0,1,0,0,0,0,45410.02841
3/14/24,1.862,80.74,131.5,32.85,25.58,25.12,55.05,5.69,972,70,13.2,0,1,0,0,0,0,0,1,46868.53814
3/13/24,1.784,79.3,131.1,19.71,13.31,16.2,21.17,5.69,972,68,9.62,0,1,0,0,0,0,0,0,45550.45223
3/12/24,1.823,77.25,130.65,14.6,11.62,14.11,17.49,5.69,972,54,7.61,0,1,0,0,0,0,0,0,42960.0905
3/11/24,1.862,77.53,133,16.41,12.6,17.2,26.14,5.69,972,52,5.37,0,0,0,0,0,0,0,0,42036.31556
3/8/24,1.923,77.5,134.4,18.54,12.92,20.66,21.58,5.69,972,61,7.83,0.06,1,0,0,0,0,0,1,45254.20567
3/7/24,1.952,78.32,135.5,20.33,14.57,18.1,44.78,5.69,949,66,10.51,0.02,1,0,0,0,0,0,1,44387.6962
3/6/24,2.072,78.41,136.75,30.1,22.94,25.28,54.6,5.69,949,65,5.14,0,1,1,0,0,0,0,1,44842.24124
3/5/24,2.095,77.41,137.45,47.43,41.59,48.27,65.83,5.69,949,71,7.16,0,1,0,0,0,0,0,0,46322.65039
3/4/24,2.073,78.17,136,30.84,29.24,32.47,41.54,5.69,949,71,7.16,0,1,1,0,0,0,0,0,45996.72422
3/1/24,1.975,79.09,132,16.98,15.84,18.2,23.73,5.69,949,46,5.37,0,0,0,0,0,0,0,0,44894.26615
2/29/24,2.008,77.45,131,20.27,19.54,20.36,37.13,6.56,935,42,10.51,0,0,0,0,0,0,0,0,47375.29551
2/28/24,2.052,77.83,131,16.62,15.12,11.86,25.07,6.56,935,58,15.21,0.01,1,0,0,0,0,0,1,44904.54954
2/27/24,1.965,78.23,129.2,16.75,13.41,13.82,16.37,6.56,935,70,11.41,0,0,0,0,0,0,0,0,46516.1972
2/26/24,1.891,77.09,127.5,16,14.33,11.17,21.95,6.56,935,66,10.51,0,0,0,0,0,0,0,0,45557.93997
2/23/24,1.847,76.08,119.4,18.29,18.19,16.98,28.48,6.56,935,65,10.07,0,0,0,0,0,0,0,0,41903.97764
2/22/24,1.972,77.93,119.4,13.4,12.03,12.41,13.03,6.56,944,69,7.16,0,0,0,0,0,0,0,0,43592.28482
2/21/24,1.994,77.31,115,10.22,8.36,4.08,7.68,6.56,944,63,9.84,0,1,0,0,0,0,0,0,42948.0637
2/20/24,1.761,76.62,119.6,12.53,11.96,11.35,14.07,6.56,944,56,4.92,0,1,0,0,0,0,0,0,44267.54143
2/19/24,1.5555,77.98,119.6,14.76,14.43,15.96,19.29,6.56,944,41,3.8,0,0,0,0,0,0,0,0,47314.97403
2/16/24,1.81,77.22,119.25,10.64,9.78,12.11,10.79,6.56,944,62,6.71,0.06,1,0,0,0,0,0,0,42402.7708
2/15/24,1.767,76.11,119.25,14.83,14.54,15.4,21.29,6.56,936,58,5.59,0,0,0,0,0,0,0,0,42408.28124
2/14/24,1.776,77.24,119.75,9.77,9.54,9.58,11.08,6.56,936,50,6.49,0,1,0,0,0,0,0,0,44552.86122
2/13/24,1.866,76.65,120.5,14.97,14.81,15.06,19.52,6.56,936,43,2.46,0,0,0,0,0,0,0,0,46426.53922
2/12/24,1.8,76.61,120,20.18,20.73,16.89,34.21,6.56,936,42,12.75,0,0,0,0,0,0,0,0,46900.79784
2/9/24,1.885,76.04,120.6,18.43,17.92,17.28,29.85,6.56,936,59,6.71,0,1,0,0,0,0,0,0,43143.6784
2/8/24,1.948,73.89,120,14.31,13.86,14.26,18.72,6.56,916,53,7.16,0.01,0,0,0,0,0,0,0,42608.11066
2/7/24,1.98,73.37,120.5,12.8,11.65,9.03,9.28,6.56,916,53,10.51,0,0,0,0,0,0,0,0,43447.41226
2/6/24,2.007,72.85,119,19.32,18.89,20.57,23.65,6.56,916,49,3.58,0,0,0,0,0,0,0,1,44099.43602
2/5/24,2.074,72.3,119,19.99,19.79,14.64,26.79,6.56,916,58,12.75,0,0,0,0,0,0,0,0,43649.78081
2/2/24,2.086,73.79,116,15.99,15.59,12.37,18.92,6.56,916,66,10.29,0.06,1,0,1,0,0,0,0,41981.1613
2/1/24,2.064,75.71,116,14.92,14.33,13.66,16.12,6.56,919,62,4.7,0,1,0,0,0,0,0,1,42384.30507
1/31/24,2.121,77.65,116.5,18.79,18.46,19,28.07,6.89,919,59,3.58,0,0,0,0,0,0,0,0,43305.60479
1/30/24,2.104,76.67,118,20.2,20.12,20.73,33.13,6.89,919,58,5.14,0,0,0,0,0,0,0,0,43836.41965
1/29/24,2.089,77.86,116,21.96,22.1,21.91,28.16,6.89,919,53,2.91,0,0,0,0,0,0,0,0,45775.1668
1/26/24,2.2,77.19,127.1,21.16,21,21.52,25.13,6.89,919,49,6.93,0.49,1,1,1,0,0,0,0,45365.72118
1/25/24,2.201,74.98,126.8,25.66,25.55,24.86,35.81,6.89,990,31,6.93,0.74,1,1,1,0,0,0,0,44815.3282
1/24/24,2.277,74.27,127.2,30.56,30.18,30.29,55.02,6.89,990,45,8.05,1.96,1,0,1,0,0,0,0,46185.75854
1/23/24,2.2,74.65,127.3,27.19,28.5,22.29,51.48,6.89,990,30,8.72,1.29,1,1,1,0,0,0,0,47915.41709
1/22/24,2.144,73.12,127.45,26.74,27.07,24.32,36.23,6.89,990,30,9.4,1.39,1,0,0,0,0,0,1,54062.87425
1/19/24,2.267,73.83,128,24.53,25.81,22.05,30.72,6.89,990,42,12.75,0,1,0,0,0,0,0,0,55254.09447
1/18/24,2.407,72.46,128.9,21.52,21.5,26.52,27.61,6.89,1128,32,4.7,0.03,1,1,0,0,0,0,1,51251.67769
1/17/24,2.475,72.58,129.5,63.65,56.56,85.24,47.33,6.89,1128,19,6.71,0,0,0,0,0,0,0,1,65800.58116
1/16/24,2.453,72.88,129,375.8,408.14,356.29,422.14,6.89,1128,18,13.87,0,0,0,0,0,0,0,0,71634.59591
1/12/24,2.617,72.17,130.85,18.45,18.36,13.12,28.34,6.89,1128,51,13.87,0.02,0,0,0,0,0,0,0,48419.09651
1/11/24,2.54,71.5,130.75,16.52,16.08,14.57,17.27,6.89,1160,53,10.07,0,1,0,0,0,0,0,0,46143.45344
1/10/24,2.562,72.33,133.5,21.98,21.85,19.38,28.75,6.89,1160,41,6.26,0,0,0,0,0,0,0,0,50744.3623
1/9/24,2.697,71.02,134.5,23.06,23.15,19.58,31.49,6.89,1160,46,13.65,0,0,0,0,0,0,0,0,51874.78083
1/8/24,2.598,73.81,131.5,13.1,13.04,9.18,10.58,6.89,1160,46,12.75,0.31,1,0,1,0,0,0,0,46946.52437
1/5/24,2.621,72.62,131.55,20.82,20.6,21.2,32.9,6.89,1160,46,8.95,1.44,1,0,0,0,0,0,0,46570.75245
1/4/24,2.559,72.19,130.9,18.9,19.05,18.54,21.83,6.89,1201,44,9.4,0,1,0,0,0,0,0,0,48597.34173
1/3/24,2.448,72.7,128.5,23.78,23.71,22.63,47.63,6.89,1201,39,8.28,0.35,1,0,0,0,0,0,0,48591.0396
1/2/24,2.386,70.38,131.9,25.4,25.52,23.64,44.18,6.89,1201,36,9.17,0.7,1,0,0,0,0,0,0,50589.84506
12/29/23,2.327,71.65,146.4,21.24,20.42,22.01,41.44,6.94,1201,41,6.93,0,0,0,0,0,0,0,0,49115.0385
12/28/23,2.377,71.77,145.45,24.82,24.13,24.35,44.17,6.94,1187,46,6.04,0,0,0,0,0,0,0,0,48334.34214
12/27/23,2.286,74.11,146,20.67,20.11,20.94,31.04,6.94,1187,46,6.49,0,1,0,0,0,0,0,0,47104.66389
12/26/23,2.255,75.57,145.5,22.07,21.66,22.38,27.13,6.94,1187,49,4.92,0,0,0,0,0,0,0,0,47107.21938
12/22/23,2.316,73.56,145.5,20.7,19.59,21.66,33.6,6.94,1187,58,6.71,0,1,0,0,0,0,0,1,42634.64545
12/21/23,2.298,73.89,145.25,19.98,19.47,20.14,29.64,6.94,1203,55,7.16,0,1,0,0,0,0,0,1,43579.88265
12/20/23,2.208,74.22,144.25,15.82,15.3,15.43,14.54,6.94,1203,49,9.62,0,0,0,0,0,0,0,0,45030.01656
12/19/23,2.234,73.94,145.25,16.71,14.08,19.36,12.41,6.94,1203,48,8.5,0,0,0,0,0,0,0,0,47117.9038
12/18/23,2.309,72.82,144.75,18.58,17.03,20.23,30.03,6.94,1203,53,4.47,0,0,0,0,0,0,0,0,45609.73824
12/15/23,2.318,71.78,145.25,21.6,20.64,23.01,42.08,6.94,1203,56,8.05,1.01,1,0,0,0,0,0,1,44218.83919
12/14/23,2.26,71.91,145.5,19.94,19.82,18.83,27.92,6.94,1219,53,9.84,0,0,0,0,0,0,0,0,45258.61286
12/13/23,2.292,69.72,146.25,21.74,21.37,18.37,28.08,6.94,1219,53,8.05,0.01,0,0,0,0,0,0,0,45480.40708
12/12/23,2.24,68.85,146,22.04,21.74,20.24,29.87,6.94,1219,51,7.83,0,0,0,0,0,0,0,0,46067.89844
12/11/23,2.35,71.56,152.5,28.47,27.74,28.72,44.5,6.94,1219,44,4.7,0,0,0,0,0,0,0,0,48351.0264
12/8/23,2.504,71.44,151,19.64,18.09,16.52,21.41,6.94,1219,65,8.95,0.04,1,0,0,0,0,0,0,43685.61376
12/7/23,2.52,69.59,148.75,18.94,17.09,18.84,20.88,6.94,1228,50,6.71,0,0,0,0,0,0,0,0,44664.86691
12/6/23,2.517,69.65,140.45,25.5,23.64,25.9,51.01,6.94,1228,53,4.92,0,0,0,0,0,0,0,0,44171.80945
12/5/23,2.667,72.53,134.15,27.46,25.76,29.89,69.67,6.94,1228,49,1.79,0,0,0,0,0,0,0,0,44420.32099
12/4/23,2.651,73.32,135,27.69,26.48,28.25,68.89,6.94,1228,55,5.82,0,0,0,0,0,0,0,0,43640.5553
12/1/23,2.773,74.25,133.5,26.9,25.12,26.84,51.69,6.94,1228,52,6.71,0.45,1,0,1,0,0,0,0,42851.24668
11/30/23,2.763,76.05,132.15,22.57,19.44,21.43,27.57,7.51,1260,55,10.07,0.52,1,0,0,0,0,0,0,43531.67822
11/29/23,2.769,77.99,129,21.85,21.02,22.88,30.02,7.51,1260,49,7.83,0,0,0,0,0,0,0,1,45940.74552
11/28/23,2.798,76.59,127.45,27.15,26.19,26.29,43.74,7.51,1260,41,4.25,0,0,0,0,0,0,0,1,45824.28027
11/27/23,2.898,75.09,128,36.62,35.85,33.03,58.2,7.51,1260,45,5.82,0,0,0,0,0,0,0,0,48252.18257
11/24/23,2.949,75.77,122,21.98,21.51,22.45,27.29,7.51,1260,50,5.82,0,0,0,0,0,0,0,0,41516.43627
11/23/23,2.922,77.25,122.15,19.58,19.05,20.49,27.62,7.51,1240,58,2.24,0.03,0,0,0,0,0,0,0,43156.91113
11/22/23,2.983,77.92,122.15,27.05,25.89,27.12,42.78,7.51,1240,54,5.59,0,0,0,0,0,0,0,0,45115.44275
11/21/23,2.947,77.9,122.3,17.39,16.46,15.21,27.55,7.51,1240,61,14.54,0,0,0,0,0,0,0,0,43543.32118
11/20/23,3.008,76.11,122.5,19.12,17.27,20.09,17.04,7.51,1240,61,8.72,0.04,1,0,0,0,0,0,0,44032.85848
11/17/23,3.085,73.19,123.25,30.91,30.14,31.78,35.64,7.51,1240,58,4.03,0,1,0,0,0,0,0,0,42907.82777
11/16/23,3.189,76.8,123.1,23.27,22.33,24.36,29.44,7.51,1238,60,4.25,0,1,0,0,0,0,0,0,42486.50538
11/15/23,3.308,77.98,123.25,46.11,44.86,46.3,60.12,7.51,1238,59,8.28,0,0,0,0,0,0,0,0,41996.92159
11/14/23,3.261,77.99,122.5,50.17,47.93,49.76,73.74,7.51,1238,55,7.16,0,0,0,0,0,0,0,0,41961.5536
11/13/23,3.4,76.93,122,43.85,43.24,34.81,74.79,7.51,1238,57,8.95,0.57,1,0,0,0,0,0,0,41971.41092
11/10/23,3.284,75.57,123.25,36.31,35.97,31.97,48.76,7.51,1238,56,10.74,0.38,1,0,0,0,0,0,0,42518.79817
11/9/23,3.333,75.12,123,29.21,27.6,28.65,34.62,7.51,1206,75,5.14,0.59,1,0,0,0,0,0,0,45314.92124
11/8/23,3.389,76.98,122.5,69.79,67.33,62.7,74.99,7.51,1206,74,6.93,0,0,0,0,0,0,0,0,48030.07866
11/7/23,3.463,80.6,120.1,35.14,33.13,32.65,30.17,7.51,1206,55,6.71,0,1,0,0,0,0,0,0,47172.68271
11/6/23,3.564,80.23,119,28.25,27.7,28.29,26.06,7.51,1206,70,4.7,0,1,0,0,0,0,0,0,45470.98564
11/3/23,3.795,82.16,122.5,21.8,21.36,22.07,21.97,7.51,1206,52,4.7,0,0,0,0,0,0,0,0,43034.18633
11/2/23,3.75,80.1,118,25.69,25.17,25.78,29.97,7.51,1214,60,4.7,0,0,0,0,0,0,0,0,44786.5102
11/1/23,3.753,80.5,117.45,32.17,32.72,28.42,49.4,7.51,1214,45,6.49,0,0,0,0,0,0,0,0,45406.24498
10/31/23,3.813,81.68,123.5,53.7,54.98,39.2,82.02,7.08,1214,40,11.63,0,0,0,0,0,0,0,0,45525.86961
10/30/23,3.589,84.7,131,56.09,57.26,35.18,76.2,7.08,1214,48,16.11,0.15,1,0,0,0,0,0,0,46195.49259
10/27/23,3.718,82.54,135.2,57.79,54.54,54.9,67,7.08,1214,75,7.16,0,0,0,0,0,0,0,0,51976.83055
10/26/23,3.707,84.69,135.7,34.05,31,33.07,50.87,7.08,1182,73,8.95,0.51,1,0,0,0,0,0,0,50370.36266
10/25/23,3.62,82.97,133.5,44.75,37.55,35.27,56.87,7.08,1182,67,13.87,0,0,0,0,0,0,0,0,50187.61874
10/24/23,3.564,84.42,136.5,36.91,32.35,26.2,41.77,7.08,1182,74,13.87,0,0,0,0,0,0,0,0,49996.8518
10/23/23,3.512,86.82,138.35,27.21,28.2,23.81,36.04,7.08,1182,68,12.75,0.02,1,0,0,0,0,0,0,50528.7618
10/20/23,3.508,87.06,138,80.7,77.5,90.14,97.52,7.08,1182,70,4.03,0,0,0,0,0,0,0,0,47005.66049
10/19/23,3.576,86.09,136.5,72.89,70.71,76.29,89.13,7.08,1152,68,3.36,0,1,0,0,0,0,0,0,45719.62567
10/18/23,3.706,84.3,139.5,22.27,21.06,21.7,30.87,7.08,1152,63,6.49,0,0,0,0,0,0,0,0,43522.45716
10/17/23,3.707,84.02,142.25,22.7,21.08,24.04,35.64,7.08,1152,55,3.13,0,0,0,0,0,0,0,0,41870.4956
10/16/23,3.479,85.08,143.75,26.74,25.15,26.2,45.95,7.08,1152,73,9.84,0,0,0,0,0,0,0,0,41055.88168
10/13/23,3.584,80.73,143.85,43.94,39.09,50.09,50.01,7.08,1152,75,5.59,0,0,0,0,0,0,0,0,50013.11679
10/12/23,3.639,80.92,142.65,24.6,23.09,28.84,18.46,7.08,1112,70,8.95,0,1,0,0,0,0,0,0,47252.06284
10/11/23,3.658,82.57,141.5,24.75,22.58,27.93,29.06,7.08,1112,75,7.61,0.39,1,0,0,0,0,0,0,45583.28322
10/10/23,3.659,84.6,141.9,25.14,23.86,25.31,36.02,7.08,1112,76,4.03,0,0,0,0,0,0,0,0,46990.52701
10/9/23,3.631,81.28,141.35,29.75,28.6,31.76,39.12,7.08,1112,65,3.58,0,0,0,0,0,0,0,0,45417.39915
10/6/23,3.641,80.81,138.5,26.55,25.25,27.98,34.14,7.08,1112,72,9.4,0,0,0,0,0,0,0,0,48999.92203
10/5/23,3.511,82.55,140,27,26.29,30.47,32.16,7.08,1090,82,6.71,1.14,1,0,1,0,0,0,0,50919.64889
10/4/23,3.32,87.44,145,33.51,32.54,32.88,37.25,7.08,1090,82,8.28,0.69,1,0,1,0,0,0,0,58355.79303
10/3/23,3.313,87.17,150,33,27.82,34.5,30.29,7.08,1090,79,8.95,1.17,1,0,1,0,0,0,0,54812.65925
10/2/23,3.233,88.8,155,35.95,28.26,33.44,31.96,7.08,1090,80,8.5,0,0,0,0,0,0,0,0,55744.30858
9/29/23,3.312,89.59,160.1,28.97,26.22,34.91,26.8,6.57,1090,85,6.93,0,1,0,0,0,0,0,0,59550.06264
9/28/23,3.34,91.3,159.75,38.18,33.87,42.44,45.59,6.57,1071,83,4.7,0,0,0,0,0,0,0,0,59188.64973
9/27/23,3.29,88.78,160.35,90.31,90.55,93.4,101.91,6.57,1071,83,4.25,0,0,0,0,0,0,0,0,58353.62952
9/26/23,3.258,88.17,160.35,63.6,61.95,68.24,75.95,6.57,1071,80,4.92,0,1,0,1,0,0,0,1,57933.03319
9/25/23,3.341,88.35,160,43.34,42.24,52.06,50.19,6.57,1071,89,5.37,0.06,1,0,1,0,0,0,1,59671.73673
9/22/23,3.297,88.32,160,31.87,30.99,35.35,39.29,6.57,1071,86,6.71,0,0,0,0,0,0,0,0,61906.05644
9/21/23,3.267,88.34,160.5,32.92,33.11,33.24,38.38,6.57,1053,85,7.16,0,0,0,0,0,0,0,0,60338.32063
9/20/23,3.316,89.17,160.75,75.41,76.36,74.92,82.61,6.57,1053,84,6.49,0,0,0,0,0,0,0,0,58469.09538
9/19/23,3.384,89.26,160.75,27.19,24.78,25.42,28.05,6.57,1053,79,5.82,0,0,0,0,0,0,0,0,56890.28589
9/18/23,3.4,88.97,160.75,27.75,27.83,28.35,37.69,6.57,1053,77,4.25,0,0,0,0,0,0,0,0,55523.20172
9/15/23,2.932,88.81,160.5,29.96,29.35,29.04,38.9,6.57,1053,74,6.71,0.02,1,0,1,0,0,0,0,53703.09568
9/14/23,2.983,87.11,160.5,28.33,27.08,28.1,37.53,6.57,1041,77,8.5,2.2,1,0,1,0,0,0,0,53946.02853
9/13/23,2.987,87.36,162.25,32.44,29.28,31.42,41.73,6.57,1041,80,6.49,0,0,0,0,0,0,0,0,55454.08146
9/12/23,3.015,85.94,159,38.02,34.39,37.53,40.58,6.57,1041,80,4.03,0,0,0,0,0,0,0,0,56484.60897
9/11/23,2.937,86.81,158,31.99,31.06,34.14,34.51,6.57,1041,82,5.59,0,0,0,0,0,0,0,0,57386.83956
9/8/23,2.966,86.15,156.25,409.15,417.07,380.05,419.49,6.57,1041,95,8.05,0,0,0,0,0,0,0,0,68567.25864
9/7/23,2.958,86.79,157.65,361.33,367.22,340.23,369.85,6.57,1035,93,6.49,0,0,0,0,0,0,0,0,68467.0205
9/6/23,2.943,86.01,160,172.67,176.91,147.9,180.74,6.57,1035,93,5.14,0,0,0,0,0,0,0,0,67509.83906
9/5/23,2.991,85.9308,160.5,36.36,37.18,27.87,37.9,6.57,1035,91,9.17,0,0,0,1,0,0,0,0,67737.34653
9/4/23,2.6402,84.75,156.55,24.68,24.08,23.71,22.22,6.57,1035,87,8.72,0.11,0,0,1,0,0,0,0,63700.91234
9/1/23,3.111,82.96,156.25,85.01,83.93,83.82,95.62,6.57,1035,86,4.7,0,0,0,0,0,0,0,0,61823.26731
8/31/23,3.147,81.12,156,115.11,112.63,114.82,127.46,6.45,1050,86,4.92,0,0,0,0,0,0,0,0,61435.6059
8/30/23,3.181,80.68,156,314.91,310.48,318.34,326.02,6.45,1050,85,7.38,0,0,0,0,0,0,0,0,61008.83669
8/29/23,3.062,79.67,158.5,75.51,73.04,79.41,82.54,6.45,1050,84,10.07,0,0,0,0,0,0,0,0,61799.86777
8/28/23,3.106,79.49,158.5,180.47,173.67,185.56,184.25,6.45,1050,94,6.71,0,0,0,0,0,0,0,0,63212.72314
8/25/23,3.135,78.66,149.4,1082.23,1082.76,1070.17,1081.42,6.45,1050,94,5.59,0,0,0,0,0,0,0,0,68799.76933
8/24/23,3.093,78.59,149,797.73,794.97,791.76,793.66,6.45,1072,91,5.82,0.01,0,0,1,0,0,0,0,68186.67923
8/23/23,3.044,79.35,150,184.82,186.61,179.41,181.86,6.45,1072,93,5.82,0,0,0,0,0,0,0,0,67423.54651
8/22/23,3.106,79.76,150,62.43,65.53,38.81,63.32,6.45,1072,94,13.42,0,0,0,0,0,0,0,0,67210.04183
8/21/23,3.193,80.2,149.25,58.39,60.29,53.9,54.31,6.45,1072,96,8.5,0,0,0,0,0,0,0,0,69854.56487
8/18/23,3.166,79.51,149.5,251.7,258.81,215.23,255.95,6.45,1072,94,6.71,0,0,0,0,0,0,0,0,69108.88905
8/17/23,3.243,78.73,147,663.16,673.57,593.14,676.48,6.45,1093,84,5.82,0,0,0,0,0,0,0,0,66285.24061
8/16/23,3.215,80.05,147.5,250.82,249.09,240.28,254.9,6.45,1093,83,7.16,0,0,0,0,0,0,0,0,63254.46935
8/15/23,2.781,81.37,147.15,548.96,542.15,527.29,546.18,6.45,1093,86,7.83,0,0,0,0,0,0,0,0,65330.0793
8/14/23,2.898,82.02,146.5,152.78,142.51,124.33,138.49,6.45,1093,96,5.59,0,0,0,0,0,0,0,0,69571.66317
8/11/23,2.882,81.8,144,135.16,138.72,89.09,139.1,6.45,1093,94,9.84,0,0,0,0,0,0,0,0,71136.79976
8/10/23,2.87,83.07,143,427.66,438.08,303,440.83,6.45,1108,94,9.4,0,0,0,0,0,0,0,0,70719.84759
8/9/23,3.053,82.36,142.5,124.08,125.59,74.66,127.29,6.45,1108,94,9.84,0,0,0,0,0,0,0,0,70060.13756
8/8/23,2.864,81.49,142.5,73.69,74.62,52.12,75.21,6.45,1108,95,9.4,0,0,0,0,0,0,0,0,69304.83569
8/7/23,2.813,82.27,141.1,171.49,172.37,125.89,174.12,6.45,1108,96,8.95,0,0,0,0,0,0,0,0,69829.72796
8/4/23,2.681,81.08,136,139.49,142,118.71,144.69,6.45,1108,96,6.93,0,0,0,0,0,0,0,0,69646.63284
8/3/23,2.67,79.13,136.85,87.78,88.76,79.61,89.2,6.45,1124,96,6.93,0,0,0,0,0,0,0,0,69195.94634
8/2/23,2.586,80.92,134,58.18,57.97,52.94,58.58,6.45,1124,95,6.04,0,0,0,0,0,0,0,0,68966.26058
8/1/23,2.672,81.32,135,59.46,58.58,55.82,59.36,6.45,1124,93,4.92,0,0,0,0,0,0,0,0,69051.81949
7/31/23,2.741,80.18,137.3,157.04,159.15,149.2,161.1,6.62,1124,92,6.26,0,0,0,0,0,0,0,0,67864.46258
7/28/23,2.753,79.63,134.45,42.36,42.94,40.04,45.48,6.62,1124,91,5.14,0,0,0,0,0,0,0,0,64637.84584
7/27/23,2.714,78.4,134,41.65,41.32,40.44,43.6,6.62,1139,92,6.49,0,0,0,0,0,0,0,0,65429.7643
7/26/23,2.809,79.2,134,38.94,37.24,35.8,40.03,6.62,1139,93,6.04,0,0,0,0,0,0,0,0,65808.5568
7/25/23,2.858,78.4,134,32.37,29.95,33.29,32.99,6.62,1139,89,5.82,0,0,0,0,0,0,0,0,65843.57202
7/24/23,2.792,76.78,133.1,52.58,52.55,52.5,57.25,6.62,1139,86,5.14,0,0,0,0,0,0,0,0,64191.23835
7/21/23,2.809,75.43,133,83.67,83.71,80.58,85.2,6.62,1139,93,5.14,0,0,0,0,0,0,0,0,65821.16217
7/20/23,2.823,75.11,132,108.3,108.23,92.14,109.17,6.62,1150,95,7.16,0,0,0,0,0,0,0,0,67332.66029
7/19/23,2.684,75.42,131,42.85,39.2,32.94,32.96,6.62,1150,97,8.05,0,0,0,0,0,0,0,0,68219.3179
7/18/23,2.618,73.89,134.35,46.82,43.01,40.01,32.63,6.62,1150,93,8.05,0,0,0,0,0,0,0,0,68043.54281
7/17/23,2.504,75.05,131.1,89.28,88.03,79.89,88.97,6.62,1150,84,6.71,0,0,0,0,0,0,0,0,65619.59958
7/14/23,2.53,76.47,131.65,70.74,63,40.76,60.84,6.62,1150,95,8.5,0,0,0,0,0,0,0,0,67233.84713
7/13/23,2.534,75.25,128,95.48,90.9,75.05,93.14,6.62,1147,95,7.83,0,0,0,0,0,0,0,0,67800.71666
7/12/23,2.597,74.71,129.05,39.36,35.21,32.09,35.39,6.62,1147,89,9.17,0,0,0,0,0,0,0,0,67208.4099
7/11/23,2.692,72.95,131,33.33,30.6,34.31,32.53,6.62,1147,92,7.38,0,0,0,0,0,0,0,0,65060.86317
7/10/23,2.641,73.77,133.7,40.46,39.56,37.3,42.5,6.62,1147,84,7.16,0,0,0,0,0,0,0,0,64274.20859
7/7/23,2.57,71.79,138,26.36,23.74,25.73,23.35,6.62,1147,88,4.7,0,0,0,0,0,0,0,0,58580.83831
7/6/23,2.599,71.88,139.65,26.7,26.49,26.12,28.33,6.62,1144,89,4.7,2.18,1,0,1,0,0,0,0,59234.2679
7/5/23,2.643,71.154,144.8,32.24,32,30.82,34.15,6.62,1144,90,6.04,0.06,0,0,1,0,0,0,0,62758.67866
7/4/23,2.7465,69.91,142.5,27.2,26.23,25.55,27.78,6.62,1144,88,6.26,0,0,0,1,0,0,0,0,59145.22987
7/3/23,2.702,70.78,145,69.4,67.75,67.68,70.49,6.62,1144,84,4.7,0,0,0,0,0,0,0,0,60876.05258
6/30/23,2.774,70.02,128.05,38.01,35.46,31.08,37.26,7.37,1144,91,8.05,0,0,0,0,0,0,0,0,64519.21393
6/29/23,2.691,69.73,127.9,35.75,32.29,30.92,27.96,7.37,1128,92,6.71,0,0,0,0,0,0,0,0,66114.07764
6/28/23,2.646,67.9,127.9,44.03,40.76,34.89,24.3,7.37,1128,92,7.61,0,0,0,0,0,0,0,0,66220.06894
6/27/23,2.755,69.54,127.9,53.25,42.28,46.58,30.09,7.37,1128,93,7.38,0,0,0,0,0,0,0,0,66883.49957
6/26/23,2.868,69.32,125.5,323.57,311.68,300.11,314.4,7.37,1128,91,8.05,0,0,0,0,0,0,0,0,66334.69835
6/23/23,2.824,69.63,125.5,39.31,30.85,40.73,36.07,7.37,1128,85,5.82,0.01,0,0,1,0,0,0,0,61630.04966
6/22/23,2.694,72.52,125.75,44.54,39.92,50.32,44.7,7.37,1125,86,5.82,0,0,0,0,0,0,0,0,59637.18766
6/21/23,2.666,71.18,124.15,188.5,182.49,200.42,191.62,7.37,1125,93,8.72,0.71,0,0,1,0,0,0,0,64447.7742
6/20/23,2.557,71.92,126.55,543.03,542.35,536.05,550.22,7.37,1125,87,8.28,0,0,0,0,0,0,0,1,66020.33974
6/19/23,2.6472,70.85,128.35,131.22,126.84,120.27,130.27,7.37,1125,85,8.05,0,0,0,0,0,0,0,0,64432.63575
6/16/23,2.715,68.49,128.45,67.21,60.24,66.3,64.26,7.37,1125,84,8.95,0,0,0,0,0,0,0,1,61757.14184
6/15/23,2.606,69.59,135.95,32.49,26.51,29.7,29.34,7.37,1105,81,8.5,0,0,0,0,0,0,0,1,62318.00037
6/14/23,2.416,67.3,132,40.36,36.66,36.24,43.87,7.37,1105,74,8.05,0,0,0,0,0,0,0,0,58986.09892
6/13/23,2.407,70.27,132.25,29.44,27.42,28.05,31.71,7.37,1105,77,8.72,0,0,0,0,0,0,0,0,56709.47179
6/12/23,2.336,71.31,134,27.71,26.66,26.11,29.44,7.37,1105,86,6.93,0,0,0,0,0,0,0,0,57980.22006
6/9/23,2.331,72.44,135.7,29.55,29.69,29.79,32.46,7.37,1105,80,3.58,0,0,0,0,0,0,0,0,56543.11748
6/8/23,2.434,71.85,136.25,36.03,35.91,36.75,39.56,7.37,1093,80,5.59,0.13,1,0,1,0,0,0,0,53145.68538
6/7/23,2.433,72.26,136,36.39,36.21,36.29,37.53,7.37,1093,76,2.46,0.03,1,0,1,0,0,0,0,52944.38166
6/6/23,2.381,71.84,134.45,27.77,27.7,27.93,29.45,7.37,1093,76,4.7,0,0,0,0,0,0,0,0,50701.7067
6/5/23,2.366,70.2,137.75,25.68,25.51,25.91,27.76,7.37,1093,78,3.8,0.88,1,0,1,0,0,0,0,49802.52711
6/2/23,2.299,68.24,131,23.85,23.46,22.85,22.39,7.37,1093,81,4.25,0,0,0,0,0,0,0,0,54486.00371
6/1/23,2.273,69.6,130.15,22.36,21.13,22.05,19.06,7.37,1070,76,5.37,0,0,0,0,0,0,0,0,53775.78473
5/31/23,2.358,73.0114,138,20.06,18.25,20.9,18.38,7.33,1070,78,5.59,0,0,0,0,0,0,0,0,53220.57527
5/30/23,2.416,72.76,135.1,21.32,20.95,21.27,23.93,7.33,1070,77,4.92,0.04,0,0,1,0,0,0,0,51456.88887
5/29/23,2.3421,71.93,140.65,20.54,20.47,20.56,22.88,7.33,1070,77,5.82,0,0,0,0,0,0,0,0,49216.78499
5/26/23,2.505,74.29,160,29.42,28.39,29.39,31.52,7.33,1070,75,5.82,0,0,0,0,0,0,0,0,50731.04123
5/25/23,2.559,72.85,160,29.34,28.94,29.51,32.27,7.33,1042,76,6.04,0,0,0,0,0,0,0,0,50619.01326
5/24/23,2.643,71.97,160.25,30.3,29.79,29.95,33.03,7.33,1042,76,5.82,0,1,0,0,0,0,0,1,50752.4848
5/23/23,2.565,71.59,160,27.61,27.22,27.52,31.3,7.33,1042,72,4.03,0,1,0,1,0,0,0,1,51126.75373
5/22/23,2.623,71.86,160.35,28.36,28.17,28.65,32.51,7.33,1042,68,4.92,0,0,0,0,0,0,0,0,48532.39541
5/19/23,2.772,72.77,162.25,31.65,29.63,31.19,34.7,7.33,1042,77,5.82,0,0,0,0,0,0,0,0,53068.91811
5/18/23,2.787,70.66,159.35,25.8,24.11,26.06,26.72,7.33,1023,74,4.03,0,0,0,0,0,0,0,0,50835.09369
5/17/23,2.584,70.91,165.25,32.11,32.01,32.6,34.3,7.33,1023,69,4.47,0,0,0,0,0,0,0,0,48556.97372
5/16/23,2.609,69.83,163.8,47.15,46.91,47.57,51.04,7.33,1023,75,5.82,1.28,1,0,1,0,0,0,0,47532.94875
5/15/23,2.375,70.71,163.75,46.89,46.56,47.21,52.25,7.33,1023,69,5.14,0.25,1,1,1,0,0,0,0,48854.75076
5/12/23,2.266,72.35,166.5,31.57,26.01,23.86,34.25,7.33,1023,78,13.65,0,0,0,0,0,0,0,0,53696.38592
5/11/23,2.19,73.39,163,36.53,27.01,32.28,43.86,7.33,1002,69,11.63,0,1,0,0,0,0,0,0,51289.51742
5/10/23,2.191,72.81,166.95,23.08,18.91,21.32,27.9,7.33,1002,76,5.82,2.32,1,0,1,0,0,0,0,46608.79894
5/9/23,2.267,71.34,169,24.71,19.85,21.19,28.02,7.33,1002,77,7.38,1.13,0,0,1,0,0,0,0,48240.7757
5/8/23,2.238,68.56,169.65,68.54,49.97,45.23,66.2,7.33,1002,76,9.84,1.19,1,0,1,0,0,0,1,51402.35939
5/5/23,2.137,68.6,169.65,43.86,36.39,37.13,45.3,7.33,1002,74,8.05,0,1,0,0,0,0,0,1,53669.72756
5/4/23,2.101,71.66,178.2,27.42,20.87,24.61,18.13,7.33,977,74,8.05,0,1,0,0,0,0,0,0,46959.73108
5/3/23,2.17,75.66,180.6,35.54,29.76,30.15,46.3,7.33,977,69,5.82,0,0,0,0,0,0,0,0,46249.86394
5/2/23,2.214,76.78,187.55,29.46,25.63,23.01,37.58,7.33,977,68,5.14,0,1,1,0,0,0,0,0,45073.43457
5/1/23,2.318,74.76,185.15,28.5,23.34,18.65,30.23,7.33,977,68,5.37,0,0,0,0,0,0,0,0,43807.9372
4/28/23,2.41,74.3,189.7,24.12,15.96,23.11,10.54,6.83,977,58,9.84,0.34,1,0,1,0,0,0,0,43455.06618
4/27/23,2.355,77.07,189.95,39.17,35.01,37.21,61.25,6.83,971,58,8.28,0.25,1,0,1,0,0,0,0,43010.7735
4/26/23,2.305,78.76,190.15,25.6,21.41,23.65,32.92,6.83,971,66,13.2,0.15,1,0,0,0,0,0,0,44514.97085
4/25/23,2.437,77.87,189.05,23.41,21.21,23.21,32.58,6.83,971,61,11.41,0,0,0,0,0,0,0,0,41739.01649
4/24/23,2.471,77.37,190,28.94,26.75,27.26,63.51,6.83,971,62,10.07,0,0,0,0,0,0,0,0,39964.10946
4/21/23,2.233,79.24,190.35,47.91,43.57,48.04,78.43,6.83,971,67,7.83,1.1,1,0,1,0,0,0,0,43526.72249
4/20/23,2.249,80.9,191.75,46.47,43.3,41.68,75.68,6.83,949,76,12.08,1.26,1,0,1,0,0,0,0,46852.68353
4/19/23,2.222,80.83,192.5,25.41,20.45,20.16,14.1,6.83,949,68,12.53,0,0,0,0,0,0,0,0,46448.94579
4/18/23,2.366,82.43,188.3,20.61,17.21,15.97,11.44,6.83,949,62,8.5,0.05,0,0,0,0,0,0,0,43135.20096
4/17/23,2.275,82.04,187,17.91,15.46,18.66,8.31,6.83,949,61,6.71,0,0,0,0,0,0,0,0,41646.02049
4/14/23,2.114,83.09,188,20.4,17.18,21.89,12.57,6.83,949,69,8.5,0,0,0,0,0,0,0,0,43914.88752
4/13/23,2.007,81.49,190.75,19.05,15.35,22.12,4.03,6.83,929,65,4.03,0,0,0,0,0,0,0,0,43009.97525
4/12/23,2.093,79.77,194.6,18.51,15.26,23.28,13.42,6.83,929,66,5.59,0,0,0,1,0,0,0,0,42370.59891
4/11/23,2.186,80.68,194.15,20.3,19.72,22.11,29.25,6.83,929,65,8.28,0,0,0,0,0,0,0,0,41985.44191
4/10/23,2.172,80.63,193.75,27.65,27.59,28.31,46.27,6.83,929,63,6.49,0,0,0,0,0,0,0,0,40755.08617
4/6/23,2.011,80.72,193.75,17.37,16.25,18.17,23.72,6.83,921,55,12.3,0.82,1,0,1,0,0,0,0,40452.44462
4/5/23,2.155,80.44,198,25.01,23.69,24.87,40.76,6.83,921,67,12.97,0.8,1,0,1,0,0,0,0,40923.00345
4/4/23,2.106,75.8,192.65,29.99,22.34,33.92,17.49,6.83,921,81,13.42,0,0,0,0,0,0,0,0,44178.78146
4/3/23,2.097,74.49,198,33.53,27.56,34.39,30.64,6.83,921,65,10.29,0,1,0,0,0,0,0,1,49220.19527
3/31/23,2.216,73.12,177.25,25.2,21.57,31.61,28.84,7.97,921,66,11.41,0,0,0,0,0,0,0,0,49356.28857
3/30/23,2.104,73.34,176.75,22.01,15.9,24.7,8.64,7.97,917,56,12.97,0,1,0,0,0,0,0,0,45974.88619
3/29/23,2.184,72.93,176.6,25.63,22.17,29.78,57.68,7.97,917,55,9.17,0.01,0,0,0,0,0,0,0,42533.14078
3/28/23,2.147,69.41,176.5,26.33,23.91,25.75,53.84,7.97,917,58,13.2,0,0,0,0,0,0,0,0,40618.50438
3/27/23,2.215,70.12,176.25,67.59,64.23,70.95,118.19,7.97,917,64,6.93,0,1,1,0,0,0,0,1,41879.74982
3/24/23,2.361,71.02,175.35,30.63,23.84,37.9,40.07,7.97,917,72,9.62,0.01,1,0,0,0,0,0,0,42679.43929
3/23/23,2.283,69.77,176.65,25.55,24.61,24.25,44.6,7.97,927,75,13.42,0,1,0,0,0,0,0,0,45085.14422
3/22/23,2.307,67.99,176.55,22.45,21.07,17.86,13.91,7.97,927,62,11.41,0,0,0,0,0,0,0,0,45793.13202
3/21/23,2.485,67.12,174,17.53,15.41,16.75,10.56,7.97,927,49,14.76,0,0,0,0,0,0,0,0,43823.02494
3/20/23,2.331,68.63,173,20.35,17.99,22.97,18.89,7.97,927,44,10.74,0,0,0,0,0,0,0,0,43308.23715
3/17/23,2.446,67.82,173,24.5,25.79,21.98,42.65,7.97,927,55,15.43,0.76,1,0,1,0,0,0,0,42795.33186
3/16/23,2.626,71.57,174,15.58,14.42,18.67,4.63,7.97,933,58,12.53,0.21,1,0,0,0,0,0,0,42288.63664
3/15/23,2.546,74.95,175,16.4,14.97,17.09,9.4,7.97,933,50,10.96,0,0,0,0,0,0,0,1,41404.16957
3/14/23,2.69,76.8,180,24.01,24.39,25.01,38.14,7.97,933,49,9.84,0,0,0,0,0,0,0,1,41023.91801
3/13/23,2.726,75.88,182.9,22.58,22.39,23.4,43.55,7.97,933,55,11.63,0,0,0,0,0,0,0,1,40378.60255
3/10/23,2.559,76.81,185.25,26.9,24.2,36.33,69.95,7.97,933,57,5.59,0.01,1,0,0,0,0,0,0,42936.46595
3/9/23,2.683,77.72,180,30.15,27.03,36.8,78.13,7.97,925,51,6.71,0,0,0,0,0,0,0,0,44052.71697
3/8/23,2.713,80.56,182,34.62,30.05,32.33,68.92,7.97,925,61,6.93,0,1,0,0,0,0,0,0,43943.11439
3/7/23,2.84,79.79,180,28.32,27.22,25.84,53.94,7.97,925,71,7.38,0,1,0,0,0,0,0,0,43861.0186
3/6/23,2.73,78.31,182,28.69,26.1,29.56,49.55,7.97,925,68,4.25,0,1,0,0,0,0,0,1,43232.97307
3/3/23,3.141,77.83,187.15,21.83,21.55,21.14,39.25,7.97,925,62,11.18,0,0,0,0,0,0,0,0,40050.59027
3/2/23,2.899,77.19,193,24.34,21.12,27.7,33.2,7.97,922,61,12.75,0.08,1,0,0,0,0,0,0,43811.74502
3/1/23,2.943,75.81,192,28.71,27.25,32.13,48.04,7.97,922,74,10.51,0,1,0,0,0,0,0,0,44151.12071
2/28/23,2.863,76.47,192.85,20.87,17.59,22.29,35.24,9.36,922,64,7.61,0,1,0,0,0,0,0,1,43557.88201
2/27/23,2.853,75.6,196.5,21.07,17.58,22.19,24.89,9.36,922,63,7.83,0,0,0,0,0,0,0,1,42881.44462
2/24/23,2.701,74.19,209.2,20.86,20.84,20.68,34.17,9.36,922,47,8.95,0,1,0,0,0,0,0,0,44536.04577
2/23/23,2.59,76.53,210.1,17.82,15.99,19.9,32.39,9.36,926,63,8.05,0,1,0,0,0,0,0,1,43201.76251
2/22/23,2.44,77.2356,209.65,18.39,12.16,19.96,21.1,9.36,926,73,11.41,0.07,1,0,0,0,0,0,0,43864.00135
2/21/23,2.316,76.7,209,15.92,14.82,13.24,22.92,9.36,926,70,12.53,0,0,0,0,0,0,0,0,43109.15996
2/20/23,2.2383,78.9,205.65,15.66,13.58,14.87,16.96,9.36,926,54,8.28,0.01,1,0,0,0,0,0,0,41746.6583
2/17/23,2.496,79.02,209.35,31.6,31.11,19.2,45.27,9.36,926,37,12.75,0,0,0,0,0,0,0,0,49522.05672
2/16/23,2.638,79.4,214,19.1,20.34,12.46,25.4,9.36,931,59,15.21,0.05,1,0,0,0,0,0,0,44392.69511
2/15/23,2.709,80.45,219.9,16.57,15.78,16.64,15.6,9.36,931,59,9.62,0,1,0,0,0,0,0,0,41822.24316
2/14/23,2.652,80.04,219.5,13.29,11.28,12.07,5.47,9.36,931,54,10.29,0.03,1,0,0,0,0,0,0,40865.76488
2/13/23,2.499,78.39,221,20.74,20.86,16.1,20.34,9.36,931,51,6.71,0,1,0,0,0,0,0,0,42972.48261
2/10/23,2.607,78.84,218,23.18,24.69,13.39,29.29,9.36,931,46,10.51,0,0,0,0,0,0,0,0,45852.53635
2/9/23,2.492,77.56,225.5,19.4,17.34,20.76,14.92,9.36,951,39,2.91,0,1,0,0,0,0,0,0,44749.975
2/8/23,2.477,74.47,239.35,19.56,20.01,14.03,26.54,9.36,951,52,11.18,0.31,1,0,1,0,0,0,0,44182.21945
2/7/23,2.664,73.74,255.65,13.1,11.76,3.54,13.51,9.36,951,66,12.08,0,0,0,0,0,0,0,0,41282.87222
2/6/23,2.535,76.2,235,13.48,11.39,6.53,6.45,9.36,951,54,11.41,0,1,0,0,0,0,0,0,40485.7806
2/3/23,2.48,76.73,236,28.13,29.44,28.1,35.56,9.36,951,29,7.38,0,1,0,0,0,0,0,0,50824.51398
2/2/23,2.522,79.17,245,38.23,38.96,36.46,44.51,9.36,1025,42,9.84,0.87,1,0,0,0,0,0,0,56907.24582
2/1/23,2.536,78.18,247,71.43,77.66,67.43,88.51,9.36,1025,42,10.74,0.13,1,0,0,0,0,0,0,60357.98648
1/31/23,2.741,79.96,262,74.88,90.6,53.89,98.51,11.24,1025,43,11.86,0,1,0,0,0,0,0,0,61591.71306
1/30/23,2.731,81.28,265.35,38.29,42.41,30.41,50.11,11.24,1025,48,11.41,0.02,1,1,0,0,0,0,0,55613.26622
1/27/23,2.878,80.44,358.1,18.72,17.05,20.37,23.28,11.24,1025,44,4.7,0,0,0,0,0,0,0,0,47649.07359
1/26/23,2.871,80.44,355.6,26.85,25.8,26.98,45.22,11.24,1067,37,3.8,0,1,0,0,0,0,0,0,48193.70071
1/25/23,2.927,81.93,354,29.97,29.77,28.41,40.18,11.24,1067,39,10.51,0,0,0,0,0,0,0,0,48829.47205
1/24/23,3.057,81.89,359.6,30.11,32.23,19.13,40.09,11.24,1067,42,14.54,4.05,1,1,1,0,0,0,0,46800.39196
1/23/23,3.195,80.85,360,22.77,23.36,17.93,20.93,11.24,1067,42,7.61,0,0,0,0,0,0,0,0,46434.3438
1/20/23,3.03,80.03,350.95,19.37,17.61,20.56,17.78,11.24,1067,49,9.62,0.1,0,0,0,0,0,0,0,42639.58876
1/19/23,3.114,80.65,363.5,26.94,26.69,25.78,33.02,11.24,1069,56,6.71,0,0,0,0,0,0,0,0,40718.1601
1/18/23,3.086,78.8121,368,21.54,16.11,25.04,13.03,11.24,1069,66,7.61,0,1,0,0,0,0,0,1,40937.85762
1/17/23,3.218,80.3,369.25,28.92,28.4,28.49,39.52,11.24,1069,57,7.83,0,1,0,0,0,0,0,1,40686.99127
1/16/23,3.6656,78.88,370,21.46,18.03,23.96,18.7,11.24,1069,53,6.49,0,1,0,0,0,0,0,1,39951.70447
1/13/23,3.165,77.9,370.25,31.61,31.94,30.59,60.45,11.24,1069,44,9.62,0,0,0,0,0,0,0,0,43602.57421
1/12/23,3.306,75.6,377,25.11,23.32,22.72,60.98,11.24,1067,66,14.32,0.03,0,0,0,0,0,0,0,41022.98945
1/11/23,3.346,75.17,380,20.73,19.08,19.15,23.79,11.24,1067,68,10.96,0,0,0,0,0,0,0,0,41362.70477
1/10/23,3.314,74.04,393,22,19.9,24.54,39.51,11.24,1067,55,5.59,0,1,1,0,0,0,0,0,40854.44033
1/9/23,3.563,73.92,395,25.43,24.26,26.64,60.46,11.24,1067,49,5.82,0,1,0,0,0,0,0,0,41342.27928
1/6/23,3.392,73.1,400,21.05,20.92,17.58,20.46,11.24,1067,48,7.38,0,0,0,0,0,0,0,0,42189.57197
1/5/23,3.426,77.12,397.5,30.85,30.5,31.33,50.61,11.24,1040,50,3.58,0,0,0,0,0,0,0,0,42037.62607
1/4/23,3.78,79.02,394.55,22.61,22.37,23.53,35.72,11.24,1040,45,4.47,0,0,0,0,0,0,0,0,40759.54335
1/3/23,3.641,78.39,393.1,19.69,19.36,20.29,26.34,11.24,1040,66,7.38,0.12,1,0,0,0,0,0,0,40046.21771
12/30/22,4.104,80.45,404.15,27.7,27.41,28.02,35.13,12.67,1136,56,5.14,0.34,1,0,1,0,0,0,0,38867.53253
12/29/22,4.117,78.5,404.15,21.64,21.62,20.88,26.32,12.67,1136,60,8.28,0.82,1,0,1,0,0,0,0,38855.22646
12/28/22,4.194,79.08,402.5,20.6,20.98,18.45,10.94,12.67,1136,38,7.83,0,1,1,0,0,0,0,0,44318.83232
12/27/22,4.482,79.64,400.5,35.54,35.11,36.97,26.37,12.67,1136,39,5.14,0,0,0,0,0,0,0,0,49422.61774
12/23/22,4.419,79.64,401.1,219.7,229.45,190,244.14,12.67,1199,17,16.55,0,0,0,0,0,0,0,0,69389.35315
12/22/22,4.433,77.42,400.65,52.22,58.5,45.45,58.17,12.67,1199,37,12.08,0,1,1,0,0,0,0,1,56686.64521
12/21/22,4.815,78.24,401.4,33.59,32.63,36.2,40.92,12.67,1199,42,3.13,0,1,1,0,0,0,0,0,48756.19386
12/20/22,4.82,76.23,400.05,43.9,43.03,44.81,61.75,12.67,1199,46,11.18,0.03,1,0,0,0,0,0,0,46253.81179
12/19/22,5.253,75.44,401.35,40.85,39.46,42.56,49.35,12.67,1199,44,11.41,0.4,1,0,1,0,0,0,0,46882.40623
12/16/22,5.602,74.54,405,47.86,47.73,48.16,56.4,12.67,1199,44,9.62,0.15,1,0,0,0,0,0,0,45888.04734
12/15/22,5.82,76.12,403,48.35,48.09,50.56,58.79,12.67,1199,44,2.01,0,0,0,0,0,0,0,0,43821.8627
12/14/22,5.62,77.33,404,46.89,46.1,46.29,51.84,12.67,1199,58,9.17,0.09,1,0,1,0,0,0,0,41231.52764
12/13/22,6.733,75.58,405,43.68,40.44,40.94,35.47,12.67,1199,62,11.41,0.08,1,0,1,0,0,0,0,42966.55195
12/12/22,6.416,73.46,401,39.44,34.19,39.16,24.75,12.67,1199,53,10.96,0.04,1,0,0,0,0,0,0,42002.88727
12/9/22,6.082,71.43,402.5,41.79,39.94,40.72,46.55,12.67,1199,65,4.25,0,1,1,0,0,0,0,0,42611.84909
12/8/22,5.82,71.72,395.5,44.02,40.94,41.03,51.6,12.67,1191,60,5.82,0,1,0,0,0,0,0,0,43250.272
12/7/22,5.617,72.52,405,44.13,39.06,36.37,47.3,12.67,1191,65,5.37,0,1,0,0,0,0,0,0,42489.44013
12/6/22,5.378,74.46,408.8,40.73,36.27,34.59,53.93,12.67,1191,72,6.71,0,0,0,0,0,0,0,0,42194.53948
12/5/22,5.484,77.08,400.5,40.76,33.64,33.31,30.23,12.67,1191,59,6.71,0,1,0,0,0,0,0,0,42245.33375
12/2/22,6.169,80.05,391,41.97,36.08,49.24,16.57,12.67,1191,42,9.17,0,1,0,0,0,0,0,0,42477.37178
12/1/22,6.631,81.14,385,50.21,47.61,59.87,43.93,12.67,1181,41,8.95,0,0,0,0,0,0,0,0,46190.62647
11/30/22,6.818,80.66,397,49.57,49.64,42.56,53.34,11.68,1181,57,12.97,0,1,0,0,0,0,0,0,43330.62186
11/29/22,7.084,78.28,390,45.74,38.65,47.56,21.83,11.68,1181,57,8.05,0,1,1,0,0,0,0,1,42379.41463
11/28/22,7.018,77.33,380,51.33,46.38,55.78,24.41,11.68,1181,49,4.25,0,1,0,0,0,0,0,0,42222.87379
11/25/22,7.135,76.43,349.4,49.1,47.99,49.29,50.42,11.68,1181,43,11.18,0.34,1,0,0,0,0,0,0,38858.03586
11/24/22,7.1774,78.0847,347.75,41.92,38.96,45.53,37.56,11.68,1200,43,9.62,0.94,1,1,1,0,0,0,0,38745.60681
11/23/22,7.486,78.07,346.45,41.99,39.78,42.99,36.62,11.68,1200,43,6.71,0,1,1,0,0,0,0,0,42098.83528
11/22/22,7.17,80.73,347.15,43.68,45.19,46.56,51.41,11.68,1200,45,5.59,0,0,0,0,0,0,0,0,45009.66618
11/21/22,6.962,79.91,351,59.24,61.03,57.6,68.02,11.68,1200,40,6.71,0.41,1,0,0,0,0,0,0,47814.22177
11/18/22,6.483,79.83,343.45,49.94,49.63,46.74,54.49,11.68,1200,48,6.71,0,0,0,0,0,0,0,0,44981.24897
11/17/22,6.491,81.09,334.6,51.11,50.78,48.07,57.61,11.68,1228,43,4.47,0,0,0,0,0,0,0,0,44791.11671
11/16/22,6.353,84.26,332.55,67.14,68.31,61.76,73.47,11.68,1228,42,6.71,0,0,0,0,0,0,0,0,45660.79209
11/15/22,6.143,85.52,341,63.55,63.53,56.29,68.21,11.68,1228,39,13.2,0,0,0,0,0,0,0,0,45595.55806
11/14/22,6.299,84.36,330.35,44,39.93,40.15,36.48,11.68,1228,44,11.63,0.2,1,0,0,0,0,0,0,44260.16382
11/11/22,6.263,87.17,326.8,49.99,36.03,37.51,27.18,11.68,1228,65,7.61,1.1,1,0,1,0,0,0,0,42471.15167
11/10/22,6.613,84.69,325,80.75,67.19,70.47,72.23,11.68,1193,74,4.92,0,1,1,0,0,0,0,0,44096.94465
11/9/22,6.225,84,330,46.49,33.04,37.72,3.21,11.68,1193,66,4.92,0,1,0,0,0,0,0,0,45540.05678
11/8/22,6.524,86.95,339,46.75,38.65,43.7,23.51,11.68,1193,70,7.83,0,1,0,0,0,0,0,0,45567.07473
11/7/22,7.244,90.73,345,43.03,39.8,40,43.13,11.68,1193,62,6.26,0,1,1,0,0,0,0,1,45638.28025
11/4/22,6.754,91.45,349.5,44.46,38.1,31.87,13.95,11.68,1193,74,12.08,0.14,1,0,1,0,0,0,0,46088.68897
11/3/22,6.33,87.18,354,33.2,28.6,29.77,0.63,11.68,1160,67,11.86,0,1,0,0,0,0,0,0,44643.00876
11/2/22,6.589,88.86,361,31.95,28,36.1,21.88,11.68,1160,64,7.83,0,1,0,0,0,0,0,0,41092.88474
11/1/22,6.08,87.19,359,39.76,37.65,40.26,44.98,11.68,1160,63,7.38,0.14,1,0,1,0,0,0,0,39788.54311
10/31/22,6.607,85.4,356.3,53.02,51.77,50.3,56.65,14.32,1160,61,2.68,0,0,0,0,0,0,0,0,39676.3662
10/28/22,5.953,86.61,385.7,41.7,39.73,37.76,32.4,14.32,1160,61,10.74,1.44,1,0,1,0,0,0,0,40139.69941
10/27/22,6.136,87.83,385.6,34.39,30.46,30.81,12.35,14.32,1116,59,6.26,0,0,0,0,0,0,0,0,40107.43486
10/26/22,6.387,86.68,386.5,38.09,35.53,36.2,28.44,14.32,1116,56,4.25,0,0,0,0,0,0,0,0,39482.83144
10/25/22,6.427,84.31,388.15,51.67,48.58,46.42,50.72,14.32,1116,68,10.74,0.02,1,0,0,0,0,0,0,39680.46926
10/24/22,6.034,83.59,390,45.69,38.1,33.52,33.15,14.32,1116,78,13.65,0.04,1,0,0,0,0,0,1,46520.98191
10/21/22,5.754,83.95,390,43.29,36.84,37.3,30.56,14.32,1116,66,7.61,0,0,0,0,0,0,0,0,42493.81795
10/20/22,6.111,83.3,391.95,52.33,47.94,50.77,52.13,14.32,1099,54,6.26,0,0,0,0,0,0,0,0,40160.05056
10/19/22,6.212,83.42,391,53.58,50.76,50.31,53.43,14.32,1099,51,4.25,0,0,0,0,0,0,0,0,38553.51379
10/18/22,6.493,81.29,387.85,55.49,55.31,47.16,61.49,14.32,1099,57,10.51,0,0,0,0,0,0,0,0,38181.13998
10/17/22,6.714,83.51,392.15,54.37,51.81,52.52,54.06,14.32,1099,76,10.51,0.33,1,0,0,0,0,0,0,41955.41531
10/14/22,6.827,83.55,392.5,52.19,48.2,56.01,49.23,14.32,1099,66,6.26,0,0,0,0,0,0,0,0,46023.09805
10/13/22,7.053,86.65,397,62.18,56.38,62.97,61.41,14.32,1058,74,6.71,0,0,0,0,0,0,0,0,47663.95314
10/12/22,6.766,84.74,405,87.28,75.34,91.8,73.77,14.32,1058,75,4.25,0,1,0,0,0,0,0,0,51311.16577
10/11/22,6.928,86.56,391.15,55.71,44.8,55.02,33.72,14.32,1058,76,6.93,0,0,0,0,0,0,0,0,46585.38153
10/10/22,6.784,89.84,386.5,58.85,53.31,47.9,53.93,14.32,1058,69,7.16,0,0,0,0,0,0,0,0,45918.51815
10/7/22,7.047,91.35,385,61.71,60.01,60.91,65.49,14.32,1058,75,3.36,0,1,0,0,0,0,0,0,45284.60512
10/6/22,7.242,87.59,400,60.88,60.38,60.05,64.28,14.32,1003,74,4.25,0,1,0,0,0,0,0,0,46586.04762
10/5/22,7.236,86.84,396.25,50.66,50.38,51.49,55.66,14.32,1003,71,3.8,0,0,0,0,0,0,0,0,45767.11743
10/4/22,7.174,85.5,404,48.5,46.09,49.27,52.44,14.32,1003,68,4.92,0,0,0,0,0,0,0,0,44854.83479
10/3/22,6.803,82.7,399,48.25,45.95,48.75,53.92,14.32,1003,67,3.8,0,0,0,0,0,0,0,0,44081.64931
9/30/22,7.065,78.72,433.7,46.42,42.44,47.57,51.33,16.72,1003,72,5.14,0,0,0,0,0,0,0,0,44481.03052
9/29/22,7.142,80.42,435.75,49.29,48.17,49.22,53.39,16.72,958,78,7.83,0,0,0,0,0,0,0,0,46112.02774
9/28/22,7.2,81.24,436,49.06,47.26,45.47,56.01,16.72,958,74,5.14,0,0,0,0,0,0,0,0,47304.04974
9/27/22,6.99,77.81,437.65,50.12,46.15,45.2,52.21,16.72,958,77,7.16,0,0,0,0,0,0,0,0,47115.40744
9/26/22,7.235,76.18,438,54.55,53.5,51.68,54.03,16.72,958,81,8.72,0,0,0,0,0,0,0,0,51474.7094
9/23/22,7.203,78.25,435.2,70.66,66.49,63.96,62.55,16.72,958,82,5.82,0,0,0,0,0,0,0,0,55645.82199
9/22/22,7.378,83.03,435.65,108.96,106.52,102.79,105.81,16.72,971,83,4.47,0,0,0,0,0,0,0,1,55672.61437
9/21/22,7.99,82.43,440,90.56,88.35,87.26,85.61,16.72,971,86,3.8,0,0,0,0,0,0,0,0,56670.83939
9/20/22,7.932,83.28,441.3,84.08,80.94,81.73,76.7,16.72,971,85,3.13,0,0,0,0,0,0,0,0,57587.3567
9/19/22,7.966,84.61,439.05,86.1,84.93,84.49,81.91,16.72,971,85,5.14,0,0,0,0,0,0,0,0,57045.7761
9/16/22,7.811,84.07,439,64.85,64.32,65.83,62.03,16.72,971,77,8.05,0,0,0,1,0,0,0,0,53841.41379
9/15/22,8.372,83.9,445.5,64.95,64.24,66.59,65.05,16.72,1015,78,8.05,0,0,0,0,0,0,0,0,51030.84304
9/14/22,9.167,87.36,444.2,62.69,62.37,63.39,63.45,16.72,1015,80,6.71,0,0,0,0,0,0,0,0,51310.09878
9/13/22,8.334,86.25,438,68.42,68.37,68.86,70.83,16.72,1015,76,5.14,0,0,0,0,0,0,0,0,51844.02561
9/12/22,8.287,86.86,436,70.13,70.07,70.31,71.45,16.72,1015,73,5.37,0,0,0,0,0,0,0,0,51028.04328
9/9/22,8.044,85.75,435.25,72.5,72.42,72.56,73.47,16.72,1015,82,4.25,0,0,0,0,0,0,0,0,52493.21419
9/8/22,7.971,83.07,440,89.36,89.32,89.43,90.78,16.72,1037,82,5.59,0,0,0,0,0,0,0,0,53079.73557
9/7/22,7.901,81.63,439,83.49,83.5,83.52,84.11,16.72,1037,84,3.36,0.02,0,0,1,0,0,0,0,53867.22658
9/6/22,8.212,86.51,450.25,81.83,81.82,81.9,82.41,16.72,1037,82,4.47,0,0,0,0,0,0,0,0,53114.97314
9/5/22,8.7486,88.789,457.8,72.95,72.94,72.98,73.31,16.72,1037,82,3.13,0,0,0,0,0,0,0,0,49011.00438
9/2/22,8.85,86.48,435,88.22,88.21,88.25,88.77,16.72,1037,79,4.7,0,0,0,1,0,0,0,0,51697.3806
9/1/22,9.33,86.22,427.35,85.92,85.91,86.09,87.51,16.72,1049,81,4.47,0.02,0,0,1,0,0,0,0,52069.85092
8/31/22,9.189,89.03,425,89.11,89.32,88.58,90.2,15.45,1049,81,3.8,0.84,0,0,1,0,0,0,0,53031.73151
8/30/22,9.103,91.17,414.55,90.36,90.64,89.4,91.09,15.45,1049,86,4.92,0.57,1,0,1,0,0,0,0,52654.0353
8/29/22,9.4,96.19,422.75,90.3,91.15,86.43,91.6,15.45,1049,88,6.93,0.76,1,0,1,0,0,0,0,57167.53149
8/26/22,9.332,92.39,417.4,100.22,100.34,99.05,100.79,15.45,1049,82,5.37,0,0,0,0,0,0,0,0,55820.8338
8/25/22,9.419,92.19,417.5,108.28,108.55,106.11,109,15.45,1087,80,4.47,0,0,0,1,0,0,0,0,54610.26815
8/24/22,9.369,94.4,412.6,88.78,88.94,87.61,89.47,15.45,1087,78,5.14,0.09,1,0,1,0,0,0,0,53194.02018
8/23/22,9.225,93.25,417.6,81.79,82.53,77.03,82.92,15.45,1087,76,5.82,1,1,0,1,0,0,0,0,52245.81736
8/22/22,9.71,89.97,418.35,74.71,72.49,69.95,72.78,15.45,1087,81,7.61,0.04,0,0,0,0,0,0,0,53518.53621
8/19/22,9.385,90.11,416.25,87.88,89.11,80.47,89.45,15.45,1087,81,4.03,1.59,1,0,0,0,0,0,0,53149.91416
8/18/22,9.242,89.67,413.9,87.52,86.21,84.88,87.03,15.45,1144,89,6.26,0.17,1,0,1,0,0,0,0,56390.45085
8/17/22,9.297,87.3,413.9,230.09,232.77,218.77,233.66,15.45,1144,91,5.82,0,0,0,0,0,0,0,0,62028.05486
8/16/22,9.329,85.86,405,140.91,146.89,115.24,146.03,15.45,1144,90,4.7,0,0,0,0,0,0,0,0,60623.89141
8/15/22,8.728,88.41,407.5,86.5,88.85,73.17,88.63,15.45,1144,89,6.26,0,0,0,0,0,0,0,0,59581.14923
8/12/22,8.768,90.87,407.65,104.81,104.98,104.87,107.02,15.45,1144,88,6.71,0.21,1,0,1,0,0,0,0,59302.05616
8/11/22,8.874,92.69,401,120.23,121.55,116.1,122.6,15.45,1163,86,4.92,0.14,1,0,1,0,0,0,0,58451.5116
8/10/22,8.202,90.47,398.65,155.55,158.53,143.07,160.26,15.45,1163,90,3.58,2.78,1,1,1,0,0,0,1,59304.78474
8/9/22,7.833,88.9,384.5,121.07,123.14,113.72,125.72,15.45,1163,93,6.71,0,0,0,0,0,0,0,0,60747.02618
8/8/22,7.589,89.93,371,107.9,109.17,101.94,111.84,15.45,1163,91,6.93,0,0,0,0,0,0,0,0,61820.16185
8/5/22,8.064,88.08,361,96.83,101.74,86,104.07,15.45,1163,93,6.49,0.05,1,0,1,0,0,0,0,61703.69501
8/4/22,8.122,87.56,390,130.58,139.11,89.88,142.94,15.45,1171,94,7.61,0,0,0,0,0,0,0,0,64037.24486
8/3/22,8.266,89.74,393.5,82.81,86.49,63.85,77.73,15.45,1171,93,8.5,0,0,0,0,0,0,0,0,64592.9128
8/2/22,7.706,93.22,403.5,73.39,74.74,62.91,67.8,15.45,1171,93,8.05,0,0,0,0,0,0,0,0,63967.10144
8/1/22,8.283,92.39,405,83.9,83.06,79.75,81.55,15.45,1171,94,7.83,0,0,0,0,0,0,0,0,62157.63156
7/29/22,8.229,96.75,407.9,96.71,100.57,82.42,103.45,12.76,1171,93,7.16,0,0,0,0,0,0,0,0,62274.41922
7/28/22,8.134,94.65,411.4,100.66,104.65,85.53,107.18,12.76,1172,93,5.82,0,0,0,1,0,0,0,0,62555.9323
7/27/22,8.687,95.29,411.5,90.21,92.42,83.2,93.96,12.76,1172,94,6.26,0,0,0,1,0,0,0,0,63071.61806
7/26/22,8.993,92.88,414,85.79,88.75,75.31,90.06,12.76,1172,94,7.61,0,0,0,0,0,0,0,0,63502.20134
7/25/22,8.727,94.42,410.25,88.19,89.75,79.73,90.43,12.76,1172,93,7.61,0,0,0,0,0,0,0,0,63738.75565
7/22/22,8.195,92.43,409.2,90.04,94.1,73.86,95.76,12.76,1172,93,6.71,0,0,0,1,0,0,0,0,61075.06767
7/21/22,7.815,93.78,403.4,84.64,88.93,65.5,89.57,12.76,1153,97,7.38,0,0,0,0,0,0,0,0,64002.40593
7/20/22,7.899,96.88,408.6,168.65,176.68,121.45,179.03,12.76,1153,97,8.5,0,0,0,0,0,0,0,0,65677.04935
7/19/22,7.15,97.45,399,157.05,164.84,123.6,165.12,12.76,1153,98,10.07,0,0,0,0,0,0,0,0,65300.01149
7/18/22,7.382,96.36,396.05,283.93,289.24,261.26,290.64,12.76,1153,95,7.83,0,0,0,0,0,0,0,0,63521.51589
7/15/22,6.926,91.74,410,120.35,121.93,116.52,123.84,12.76,1153,86,7.61,0.4,1,0,1,0,0,0,0,57083.33861
7/14/22,6.511,90.15,415,170.12,171.42,166.16,173.32,12.76,1127,93,7.38,0,0,0,0,0,0,0,0,60027.78276
7/13/22,6.589,91.36,432,202.85,205.2,193.86,207.16,12.76,1127,92,6.26,0,0,0,0,0,0,0,0,63536.44678
7/12/22,6.021,93.31,426,101.39,103.94,91.77,106.5,12.76,1127,92,7.38,0,0,0,1,0,0,0,0,64123.06177
7/11/22,6.319,101.21,419,450.65,454.63,429,457.7,12.76,1127,93,7.38,0,0,0,0,0,0,0,0,64658.65182
7/8/22,5.967,101.53,412,142.16,144.15,133.25,146.76,12.76,1127,94,5.37,0,1,0,0,0,0,0,0,63696.5983
7/7/22,6.262,99.25,410,89.85,90.77,84.78,93.09,12.76,1132,94,5.82,0,0,0,1,0,0,0,0,63006.95639
7/6/22,5.482,94.98,399.7,59.39,60.29,56.02,58.95,12.76,1132,93,7.16,0.43,0,0,1,0,0,0,0,62636.14109
7/5/22,5.487,96.52,397.6,61.12,61.17,57.36,59.32,12.76,1132,91,8.05,0,0,0,0,0,0,0,0,62244.78297
7/1/22,5.851,105.39,396.45,69.14,69.27,70.63,72.62,12.76,1132,89,6.49,0.02,1,0,1,0,0,0,0,59362.04354
6/30/22,5.712,103.1,388,73.32,73.37,74.13,75.52,14.36,1132,90,9.62,0,0,0,0,0,0,0,0,57516.58134
6/29/22,5.392,107.01,385.95,66.77,66.45,66.57,68.36,14.36,1127,83,8.28,0.01,0,0,0,0,0,0,0,56469.4749
6/28/22,6.493,108.89,380,74.54,71.23,72.87,73.36,14.36,1127,80,8.05,0,0,0,0,0,0,0,0,55195.36202
6/27/22,6.557,106.38,393.5,66.52,64.42,66.19,65.56,14.36,1127,84,4.47,0.04,0,0,1,0,0,0,0,54604.55383
6/24/22,6.54,104.45,392.45,93.27,90.58,87.22,90.81,14.36,1127,88,7.38,0,0,0,0,0,0,0,0,58043.01293
6/23/22,6.258,101.58,397,167.97,165.59,165.02,169.31,14.36,1127,92,5.59,0,0,0,0,0,0,0,0,62606.60388
6/22/22,6.28,103.99,395,116.05,111.38,111.73,114.1,14.36,1127,90,3.13,0.07,0,0,1,0,0,0,0,62108.25671
6/21/22,6.835,107.34,392,83.11,75.77,74.18,76.65,14.36,1127,91,6.93,0,0,0,0,0,0,0,0,61187.3017
6/20/22,6.743,110.18,390,84.67,64.15,69.04,57.06,14.36,1127,91,6.04,0,0,0,0,0,0,0,0,62118.86894
6/17/22,6.713,105.78,392.75,131.74,85.06,93.67,87.42,14.36,1127,90,5.82,0,1,0,0,0,0,0,0,61295.29876
6/16/22,6.861,112.7,389.35,110.26,71.61,72.61,64.38,14.36,1127,88,4.7,0,1,0,0,0,0,0,1,60193.66414
6/15/22,7.393,110.75,395,106.33,72.72,59.46,34.59,14.36,1128,90,9.84,0,0,0,0,0,0,0,0,61020.03844
6/14/22,7.37,113.48,386.35,87.89,75.68,63.47,43.62,14.36,1128,89,11.41,0,0,0,0,0,0,0,1,60332.86213
6/13/22,7.164,115.31,383,88.99,73.06,64.11,37.14,14.36,1128,90,10.96,0,1,0,0,0,0,0,1,60758.56496
6/10/22,8.619,115.34,390.35,129.9,112.51,112.47,118.1,14.36,1128,93,7.16,0,0,0,0,0,0,0,0,62014.81122
6/9/22,8.867,116.49,392.35,109.47,92.11,90.66,99.9,14.36,1128,85,5.59,0,0,0,0,0,0,0,0,59371.40364
6/8/22,8.978,117.15,396,95.91,83,74.38,90.54,14.36,1132,80,8.72,0,0,0,0,0,0,0,0,57841.96524
6/7/22,8.679,114.54,395.4,95.8,85.18,71.12,93.41,14.36,1132,85,10.51,0,0,0,0,0,0,0,0,57924.89924
6/6/22,9.278,116.06,403,85.07,72.11,65.77,78.23,14.36,1132,86,11.41,0,0,0,0,0,0,0,0,59154.93599
6/3/22,9.306,116.23,415.25,85.87,70.59,77.02,73.19,14.36,1132,85,7.61,0,0,0,0,0,0,0,0,58245.82787
6/2/22,8.51,114.3,412.5,121.56,77.26,96.44,82.12,14.36,1132,74,5.82,0.01,0,0,1,0,0,0,0,50746.88003
6/1/22,8.474,112.72,412.5,115.7,83.56,94.18,86.91,14.36,1125,78,8.72,0,0,0,0,0,0,0,0,52193.13223
5/31/22,8.686,111.91,412,83.44,61.32,64.43,49.73,12.33,1125,86,12.97,0,0,0,0,0,0,0,0,56434.87731
5/30/22,8.138,117.24,427,70.73,50.29,47.53,41.18,12.33,1125,84,16.33,0.01,0,0,0,0,0,0,0,58124.2441
5/27/22,8.679,112.23,401,115.06,81.97,106.68,79.96,12.33,1125,85,6.49,0,0,0,0,0,0,0,0,54858.87329
5/26/22,8.712,111.25,406.65,85.58,76.64,82.32,80.59,12.33,1125,71,6.26,0,0,0,0,0,0,0,0,51381.40713
5/25/22,8.88,107.75,403,83.06,73.02,78.92,75.41,12.33,1106,62,6.71,1.32,1,1,1,0,0,0,0,46599.47471
5/24/22,8.972,107.2,400,72.72,62.58,60.86,64.6,12.33,1106,64,8.5,0.14,1,0,1,0,0,0,0,42878.42593
5/23/22,8.822,107.54,408,84.77,60.82,70.95,66.57,12.33,1106,69,8.5,0,0,0,0,0,0,0,0,45283.85838
5/20/22,8.813,107.17,416,94.69,71.25,63.75,68.64,12.33,1106,66,15.21,0,0,0,0,0,0,0,0,45780.28209
5/19/22,8.171,106.82,417.25,98.07,72.01,66.34,75.31,12.33,1106,85,12.97,0,0,0,0,0,0,0,0,57214.10517
5/18/22,8.39,104.07,412.1,99.74,83.15,65.32,86.32,12.33,1091,86,10.51,0,0,0,0,0,0,0,0,56516.18702
5/17/22,8.444,106.76,412,102.42,66.05,65.24,41.45,12.33,1091,86,7.83,0,0,0,0,0,0,0,0,56058.26692
5/16/22,8.38,108.91,414,131.87,98.35,103.14,106.32,12.33,1091,81,6.49,0,0,0,0,0,0,0,0,55594.70749
5/13/22,8.04,106.27,402.5,200.92,147.99,145.79,165.48,12.33,1091,82,6.49,0,0,0,0,0,0,0,0,54663.70854
5/12/22,7.663,102.42,393,170.83,83.03,106.81,72.24,12.33,1091,83,7.16,0,0,0,0,0,0,0,0,52472.37517
5/11/22,7.739,102.2,391.5,129.15,71.31,76.8,56.5,12.33,1080,82,8.28,0,1,0,0,0,0,0,0,53532.68128
5/10/22,7.64,96.87,385,101.03,68.53,65.11,63.67,12.33,1080,82,12.53,0,0,0,0,0,0,0,0,54604.87646
5/9/22,7.385,100.1,377.5,97.6,72.48,70.8,55.6,12.33,1080,85,15.21,0,0,0,0,0,0,0,0,56394.54859
5/6/22,7.026,108.33,377,155.78,127.49,144.52,138.8,12.33,1080,85,5.37,0,1,0,0,0,0,0,0,57310.27949
5/5/22,8.043,106.74,379.5,111.36,89.66,82.79,95.43,12.33,1080,67,11.41,0.91,1,0,1,0,0,0,0,48333.3101
5/4/22,8.783,106.22,374.35,86.7,61.24,55.04,65.22,12.33,1066,74,12.97,0,1,0,0,0,0,0,1,48360.12625
5/3/22,8.415,100.9,355,84.76,62.09,62.94,81.77,12.33,1066,58,10.96,0.01,0,0,0,0,0,0,0,48525.79913
5/2/22,7.954,103.42,325,61.59,50.44,43.62,50.02,12.33,1066,69,14.09,0,0,0,0,0,0,0,0,46950.34113
4/29/22,7.475,102.94,299.8,70.45,53.45,44.93,71.63,10.33,1066,71,12.08,0,0,0,0,0,0,0,0,49113.94704
4/28/22,7.244,103.47,326.3,70.22,49.08,47.69,45.78,10.33,1066,75,10.51,0,1,0,0,0,0,0,0,46590.54049
4/27/22,6.888,100.68,326.05,62.1,44.48,51.87,37.46,10.33,1052,67,8.28,0,0,0,0,0,0,0,0,44639.47029
4/26/22,7.339,100.41,326.05,62.63,51.41,52.84,62.77,10.33,1052,63,8.95,0,0,0,0,0,0,0,0,41744.72034
4/25/22,6.85,97.67,325,77.67,48.96,48.14,45.13,10.33,1052,56,10.74,1.72,1,0,1,0,0,0,0,39583.98586
4/22/22,6.669,101.05,328.5,83.17,48.16,41.17,14.94,10.33,1052,68,15.66,0,0,0,0,0,0,0,0,42327.65078
4/21/22,6.663,102.96,326,83.94,59.3,49.6,33.45,10.33,1052,79,14.32,0,0,0,0,0,0,0,0,47343.18382
4/20/22,7.096,101.36,331.1,76.39,62.53,50.52,58.82,10.33,1063,80,16.55,0,0,0,0,0,0,0,0,47384.97692
4/19/22,7.065,101.16,326.35,64.88,48.18,43.31,23.37,10.33,1063,66,16.78,0,0,0,0,0,0,0,0,44918.78975
4/18/22,7.277,106.41,321,63.99,53.28,54.91,59.08,10.33,1063,63,12.3,0,0,0,0,0,0,0,0,40222.03609
4/14/22,7.958,105.44,309.1,69.25,58,52.15,63.97,10.33,1063,65,10.96,0,0,0,0,0,0,0,0,42052.55214
4/13/22,7.321,102.89,314,98.1,81.35,92.82,67.77,10.33,1063,63,10.07,0.03,1,0,0,0,0,0,1,42097.08331
4/12/22,7.423,99.4,312,76.88,60.08,54.95,47.64,10.33,1064,63,13.42,0,0,0,0,0,0,0,0,41274.65208
4/11/22,7.096,93.46,303.5,94.39,88.21,77.47,97.88,10.33,1064,74,14.54,0.15,1,0,1,0,0,0,0,45956.19921
4/8/22,6.763,97.01,292,57.58,55.54,55.3,67.76,10.33,1064,81,9.62,0,0,0,0,0,0,0,0,46343.76853
4/7/22,6.723,95.51,291.6,52.84,47.29,45.41,56.94,10.33,1064,75,13.2,0,0,0,0,0,0,0,0,45177.14892
4/6/22,6.356,95.41,285,57.22,44.49,46.43,35.85,10.33,1064,59,13.42,0,1,0,0,0,0,0,1,38035.85871
4/5/22,6.436,100.68,286.5,76.38,59.83,78.86,57.49,10.33,1063,60,6.93,0,1,0,0,0,0,0,1,38363.17364
4/4/22,6.107,101.84,281,60.33,57.3,52.4,65.96,10.33,1063,75,9.62,0.06,1,0,0,0,0,0,1,42538.68727
4/1/22,6.108,97.9,264,44.66,37.9,37.65,26.53,10.33,1063,70,8.28,0,0,0,0,0,0,0,0,45935.58057
3/31/22,5.793,98.52,258.75,53.42,50.94,51.8,66.18,9.15,1063,72,5.14,0,0,0,0,0,0,0,0,41586.62663
3/30/22,5.795,105.68,264,53.56,42.74,43.08,44.58,9.15,1063,56,14.32,0.38,1,0,0,0,0,0,0,39406.21477
3/29/22,5.701,102.05,260,47.4,35.8,27.77,16.07,9.15,1064,55,17,0,0,0,0,0,0,0,0,39039.82287
3/28/22,5.658,103.42,258,49.2,38.95,24.15,30.64,9.15,1064,69,8.95,0,0,0,0,0,0,0,0,41398.79802
3/25/22,5.381,111.06,261,53.74,51.75,49.26,84.28,9.15,1064,73,2.91,0,0,0,0,0,0,0,0,43020.42036
3/24/22,5.582,109.43,327.15,50.11,46.18,41.54,58.56,9.15,1064,75,7.38,0,0,0,0,0,0,0,0,42077.47286
3/23/22,5.651,111.99,326.65,50.67,43.83,47.47,47.84,9.15,1064,52,8.95,0,0,0,0,0,0,0,0,40427.13024
3/22/22,5.487,106.55,325,44.78,31.16,29.96,20.65,9.15,1070,49,12.08,1.4,1,0,1,0,1,0,0,40147.78311
3/21/22,5.316,107.06,330,41.72,26.67,16.03,15.31,9.15,1070,47,18.34,0.25,1,0,0,0,0,0,1,40436.3828
3/18/22,5.268,100.65,329.4,50.78,36.95,36.36,36.95,9.15,1070,59,11.18,0.01,1,0,0,0,0,0,1,40443.59891
3/17/22,4.975,99.38,334.5,35.32,19.92,17,-0.4,9.15,1070,67,11.63,0.15,1,0,0,0,0,0,0,40104.56307
3/16/22,4.946,91.59,337.25,32.69,25.62,26.29,12.4,9.15,1070,62,4.25,0,0,0,0,0,0,0,0,38650.6097
3/15/22,5.063,92.83,340,44.21,43.37,42.07,43.1,9.15,1076,64,8.95,0,0,0,1,0,0,0,0,39130.04867
3/14/22,4.829,98.44,361.5,37.13,29.86,32.64,8.95,9.15,1076,59,11.41,0.49,1,0,1,0,0,0,0,39590.97059
3/11/22,4.568,103.2,361.75,55,55.36,40.7,30.54,9.15,1076,65,13.87,0.02,0,0,0,0,0,0,0,38765.73106
3/10/22,4.658,99.64,368.65,39.43,38.84,36.59,23.68,9.15,1076,52,5.82,0,0,0,0,0,0,0,0,40555.42713
3/9/22,4.725,105.05,380,58.01,57.43,55.32,41.74,9.15,1076,51,8.28,0,0,0,0,0,0,0,0,47364.92373
3/8/22,4.631,119.65,420.65,74.96,77.5,74.9,71.3,9.15,1080,45,11.63,0.1,1,0,1,0,0,0,0,42286.10631
3/7/22,4.526,115.8,405,43.41,42.51,36.95,34.61,9.15,1080,37,13.87,0.07,0,0,0,0,0,0,0,45157.22262
3/4/22,4.527,112.11,422.65,30.58,25.9,23.2,6.93,9.15,1080,41,8.5,0,1,0,0,0,0,0,0,46456.43488
3/3/22,4.833,104.61,418.75,35.04,33.83,33.84,32.7,9.15,1080,58,4.03,0,1,0,0,0,0,0,1,42692.08903
3/2/22,5.016,107.06,370,34.42,34.13,34.28,34.68,9.15,1080,64,4.7,0,0,0,0,0,0,0,0,39175.45717
3/1/22,4.722,100.21,400,36.79,36.25,37.9,37.3,9.15,1075,62,2.91,0,0,0,0,0,0,0,0,39139.20969
2/28/22,4.762,93.5,301,38.93,38.51,39.74,38.96,10.17,1075,58,3.58,0,0,0,0,0,0,0,0,39881.72165
2/25/22,4.573,89.89,274.5,60.34,62.92,56.5,64.19,10.17,1075,48,12.75,0.1,1,0,0,0,0,0,0,42069.37117
2/24/22,4.402,90.94,239,49.65,53.84,47.12,52.12,10.17,1075,41,10.29,0,1,0,0,0,0,0,0,45868.37226
2/23/22,4.47,90.69,239.25,42,42.43,30.27,42.2,10.17,1075,25,13.42,0,1,0,0,0,0,0,1,57531.00659
2/22/22,4.608,90.39,238,30.76,25.69,16.45,24.1,10.17,1059,53,9.4,0,1,0,0,0,0,0,1,58003.53766
2/21/22,4.593,92,236.25,27.75,21.54,9.23,8.01,10.17,1059,33,10.07,0.04,1,0,0,0,0,0,0,52753.75686
2/18/22,4.461,88.6,233.85,42.06,41.4,33.46,41.35,10.17,1059,62,11.63,0,0,0,0,0,0,0,0,41579.75027
2/17/22,4.431,88.19,232.5,32.65,27.97,15.24,13.94,10.17,1059,58,14.99,0.45,1,0,0,0,0,0,0,40127.5983
2/16/22,4.377,89.81,234.5,25.47,18.93,6.74,1.36,10.17,1059,40,12.97,0.06,1,0,0,0,0,0,1,47519.30384
2/15/22,4.43,88.29,236,25.44,21.83,13.27,-1.68,10.17,1066,59,12.08,0,1,0,0,0,0,0,0,42115.28915
2/14/22,4.572,91.52,239,27.84,25.61,26.31,14.42,10.17,1066,60,5.82,0,0,0,0,0,0,0,0,39091.55561
2/11/22,4.241,89.7,240,25.59,25.06,26.17,12.95,10.17,1066,58,6.04,0,1,0,0,0,0,0,0,40993.12089
2/10/22,4.16,87.26,245,34.42,34.22,35.63,34.5,10.17,1066,49,3.13,0,1,0,0,0,0,0,1,43271.74876
2/9/22,3.935,88.53,239.1,36.04,35.98,38.7,36.21,10.17,1066,56,4.47,0,0,0,0,0,0,0,0,40585.6257
2/8/22,3.943,87.9,239.25,31.11,30.86,33.06,25.61,10.17,1081,53,3.13,0,0,0,0,0,0,0,0,41556.2111
2/7/22,3.98,89.77,239.25,42.93,43.86,41.47,42.75,10.17,1081,53,7.61,0,0,0,0,0,0,0,0,42941.26038
2/4/22,4.218,90.33,236,111.29,121.44,99.87,123.79,10.17,1081,45,14.99,0,0,0,0,0,0,0,0,45294.17792
2/3/22,4.198,88.45,227,72.63,82.26,54.86,86.99,10.17,1081,44,16.78,0.31,1,0,0,0,0,0,0,45445.66072
2/2/22,4.492,86.69,221,31.9,33.87,25.46,31.02,10.17,1081,49,7.61,0.08,1,1,0,0,0,0,1,62677.50625
2/1/22,4.72,86.46,220,33.57,33.92,34.33,29.74,10.17,1061,49,6.26,0,1,0,0,0,0,0,0,59559.0153
1/31/22,5.044,86.49,210.5,39.53,39.76,38.76,38.31,8.56,1061,57,9.17,0.72,1,0,0,0,0,0,0,43605.98537
1/28/22,4.573,85.43,222.75,36.58,37.98,32.46,35.88,8.56,1061,59,11.41,0,0,0,0,0,0,0,0,39208.46333
1/27/22,4.675,85.29,227.65,35.62,38.37,33.22,36.55,8.56,1061,60,5.37,0,0,0,0,0,0,0,0,40300.4071
1/26/22,4.473,85.96,227.6,35.05,35.79,32.28,35.97,8.56,1061,40,7.38,0,0,0,0,0,0,0,0,45461.93658
1/25/22,4.207,84.37,227.8,28.68,28.6,29.26,24.77,8.56,1032,39,9.4,0,0,0,0,0,0,0,0,44524.23785
1/24/22,4.011,82.41,227.3,32.14,32.1,32.76,32.2,8.56,1032,44,6.04,0.39,1,0,0,0,0,0,0,46587.75537
1/21/22,3.883,84.14,225.25,41.87,45.31,44.69,43.98,8.56,1032,46,8.95,0.02,0,0,0,0,0,0,0,43757.04054
1/20/22,3.842,84.65,225,44.89,49.11,40,44.94,8.56,1032,48,16.11,0.03,0,0,0,0,0,0,0,44022.06616
1/19/22,3.746,84.79,226,28.41,28.05,26.15,10.55,8.56,1032,28,7.38,1.95,1,0,1,0,0,0,0,54734.07356
1/18/22,3.648,83.86,223.1,28.77,28.98,22.65,10.55,8.56,1006,42,8.05,0,0,0,0,0,0,0,0,54316.29248
1/17/22,3.826,84.27,221,36.73,36.76,36.13,33.38,8.56,1006,63,2.01,0,0,0,0,0,0,0,0,40560.12531
1/14/22,3.983,82.42,220.5,30.32,29.56,29.14,20.8,8.56,1006,48,4.25,0,0,0,0,0,0,0,0,41618.41362
1/13/22,4.267,80.86,220,35.96,35.86,36.69,35.96,8.56,1006,42,3.13,0,0,0,0,0,0,0,0,44934.50849
1/12/22,4.007,81.18,209.5,36.17,35.9,36.69,36.08,8.56,1006,56,2.68,0,0,0,0,0,0,0,0,40711.30696
1/11/22,3.938,79.98,205,35.84,34.87,34.25,36.13,8.56,979,51,6.26,0,0,0,0,0,0,0,0,41830.08969
1/10/22,4.134,77.1,197.1,37.3,37.11,31.96,38.04,8.56,979,43,13.42,0,0,0,0,0,0,0,0,43065.50016
1/7/22,4.249,78.44,203,31.99,32.11,29.41,23.11,8.56,979,40,8.95,0,0,0,0,0,0,0,0,46535.55434
1/6/22,4.079,78.88,195,30.27,30.2,28.25,25.89,8.56,979,41,8.5,0,0,0,0,0,0,0,0,44844.5597
1/5/22,3.916,77.47,193,28.24,28.16,28.12,28.45,8.56,979,28,5.59,0,1,0,0,0,0,0,0,50209.97545
1/4/22,3.812,76.74,180,26.46,26.56,26.49,11.23,8.56,961,45,5.59,0,0,0,0,0,0,0,0,45107.1192
1/3/22,3.882,75.85,174,36.92,37.47,37.42,34.2,8.56,961,51,3.8,0,0,0,0,0,0,0,0,41465.6176
12/31/21,3.717,74.88,157.5,28.26,27.6,26.61,28.32,9.62,961,43,8.5,0,1,0,0,0,0,0,1,45283.33435
12/30/21,3.815,76.61,169.6,27.47,27.12,27.9,26.81,9.62,961,29,4.47,0,1,0,0,0,0,0,1,49018.88803
12/29/21,3.73,76.18,170.1,30.13,27.78,30.16,22.61,9.62,961,59,4.92,0,1,0,0,0,0,0,1,40323.35772
12/28/21,3.561,75.6,171.1,25.73,24.7,23.59,21.33,9.62,933,60,8.95,0,0,0,0,0,0,0,0,40065.73196
12/27/21,3.85,75.18,171,28.51,27.15,24.88,27.09,9.62,933,65,7.83,0,0,0,0,0,0,0,0,40620.8314
12/23/21,3.885,73.42,170.1,26.06,25.14,22.43,17.66,9.62,933,70,6.93,0,0,0,0,0,0,0,0,40670.72641
12/22/21,3.942,72.33,168.9,31.42,31.11,30.81,31.08,9.62,933,56,5.82,0,0,0,0,0,0,0,0,39933.39357
12/21/21,3.63,70.82,169.4,32.06,31.99,32.92,32.3,9.62,933,51,2.91,0,1,0,0,0,0,0,0,39108.4216
12/20/21,3.86,68.36,169.5,38.03,37.92,38.22,38.36,9.62,910,51,6.93,0.06,0,0,0,0,0,0,0,40581.24206
12/17/21,3.774,70.35,169,37.09,31.54,25.95,31.81,9.62,910,45,10.74,0,0,0,0,0,0,0,0,42650.21226
12/16/21,3.758,71.75,168.15,42.36,38.68,28.45,42.07,9.62,910,40,9.4,0,0,0,0,0,0,0,0,42580.42554
12/15/21,3.639,70.36,168,31.87,26.35,20.92,6.33,9.62,910,66,12.3,0,0,0,0,0,0,0,0,42015.76846
12/14/21,3.715,70.26,168.5,28.58,25.81,23.73,11.48,9.62,910,73,10.51,0,1,1,0,0,0,0,0,42516.68905
12/13/21,3.761,70.8,164.75,28.17,26.83,28.14,15.25,9.62,903,69,6.04,0,1,0,0,0,0,0,0,42714.13221
12/10/21,3.713,71.22,164.75,36.22,30.01,25.52,14.87,9.62,903,58,10.96,0,0,0,0,0,0,0,0,41012.40928
12/9/21,3.761,70.54,164.25,30.87,27.22,27.2,16.57,9.62,903,46,8.28,0,1,0,0,0,0,0,0,41488.58632
12/8/21,3.889,71.9,163.25,34.49,33.72,34.71,30.9,9.62,903,63,6.49,0,1,0,0,0,0,0,1,43601.40151
12/7/21,3.784,71.84,161,33.71,34.1,34.2,28.61,9.62,903,52,6.26,0,0,0,0,0,0,0,0,41536.85519
12/6/21,3.774,69.3,159,35.24,32.87,28.87,25.18,9.62,901,47,9.17,0,0,0,0,0,0,0,0,40555.05612
12/3/21,3.674,66.1,154.1,34.11,31.09,34.17,28.06,9.62,901,43,4.92,0,1,0,0,0,0,0,0,40831.12059
12/2/21,3.625,66.27,151.25,35.2,34.13,36.97,33.09,9.62,901,63,2.46,0,1,0,0,0,0,0,0,40870.65386
12/1/21,4.073,65.37,155.25,42.18,41.23,42.04,44.27,9.62,901,64,2.24,0,1,0,0,0,0,0,0,40052.87962
11/30/21,3.997,65.85,155,35.36,34.48,37,34.34,10.24,901,59,4.03,0,1,1,0,0,0,0,1,39509.94799
11/29/21,4.188,69.62,157,38.35,37.78,38.74,38.34,10.24,913,61,2.68,0,1,0,0,0,0,0,0,39034.72445
11/26/21,4.506,67.84,152,38.29,38.71,37.91,40.8,10.24,913,60,7.38,0,0,0,0,0,0,0,0,39515.197
11/25/21,4.768,78.08,159.3,30.79,29.15,30.17,17.77,10.24,913,51,10.07,1.87,1,0,1,0,0,0,0,40145.5263
11/24/21,5.364,77.81,157.5,31.51,29.06,28.52,21.95,10.24,913,54,9.62,0,0,0,0,0,0,0,0,38755.40215
11/23/21,5.072,77.94,158,33.42,30.11,34.05,16.66,10.24,913,59,6.71,0,0,0,0,0,0,0,0,37477.78022
11/22/21,5.017,76.12,160,41.94,40.3,38.3,43.13,10.24,902,54,9.4,0,0,0,0,0,0,0,0,39448.81495
11/19/21,4.941,75.23,157,39.47,35.14,38.45,32.88,10.24,902,52,5.59,0,0,0,0,0,0,0,0,39667.49286
11/18/21,4.769,77.55,154,43.45,37.83,34.68,41.59,10.24,902,61,11.41,0,1,1,0,0,0,0,0,38586.79477
11/17/21,5.052,77.55,152.5,47.44,33.12,31.61,21.84,10.24,902,48,7.38,0,0,0,0,0,0,0,0,39656.87029
11/16/21,4.904,79.74,152.5,40.66,30.53,27.21,11.49,10.24,902,64,8.05,0,1,0,0,0,0,0,0,39021.79767
11/15/21,4.824,79.75,150.15,43.74,37.69,34.75,41.07,10.24,915,72,4.7,0,1,0,0,0,0,0,0,41868.68147
11/12/21,5.152,79.69,150.4,42.63,38.94,41.32,37.56,10.24,915,66,5.59,0,0,0,0,0,0,0,0,41030.60481
11/11/21,5.017,80.42,149.35,51.56,45.64,45.72,53.85,10.24,915,56,7.83,1.02,1,0,1,0,0,0,0,39740.2016
11/10/21,4.791,80.06,153,36.7,33.32,28.82,24.86,10.24,915,57,6.93,0,1,1,0,0,0,0,0,38834.60664
11/9/21,5.149,82.56,151.5,42.96,41.62,39.63,45.71,10.24,915,65,4.47,0,1,0,0,0,0,0,0,38845.00853
11/8/21,4.88,80.74,158.5,38.86,37.37,37.14,25.36,10.24,903,69,5.59,0,1,0,0,0,0,0,0,39908.76704
11/5/21,4.979,80.13,162,49.71,49.53,49.05,71.21,10.24,903,64,4.25,0,0,0,0,0,0,0,0,38479.50535
11/4/21,5.427,77.7,163,66.51,66.55,60.94,93.13,10.24,903,59,8.95,0,1,0,0,0,0,0,0,38538.92577
11/3/21,5.516,79.57,155.4,61.64,61.3,60.73,79.47,10.24,903,46,8.28,0.78,1,1,1,0,0,0,0,38464.1025
11/2/21,5.716,82.44,154.75,49.72,49.51,48.28,57.04,10.24,903,47,4.47,0,1,0,0,0,0,0,0,38600.32402
11/1/21,5.67,82.45,157.3,51.41,51.16,51.87,57.49,10.24,927,51,3.8,0,0,0,0,0,0,0,0,39553.06173
10/29/21,5.542,81.78,140.9,44.46,45.22,43.47,49.69,9.98,927,67,12.08,0,0,0,0,0,0,0,0,39456.59146
10/28/21,5.186,81.46,150,42.49,39.4,40.62,18.75,9.98,927,62,14.32,0,0,0,0,0,0,0,0,39102.7276
10/27/21,5.426,81.48,223.45,52.11,42.34,45.52,8.21,9.98,927,62,10.07,0.78,1,0,1,0,0,0,0,37114.013
10/26/21,5.782,83.36,223.7,53.59,45.3,52.09,10.18,9.98,927,62,8.95,0,1,1,0,0,0,0,0,37940.94342
10/25/21,6.198,82.61,223.35,73.76,68.69,71.64,75.26,9.98,937,74,3.13,0,0,0,0,0,0,0,0,43030.29825
10/22/21,6.003,82.5,223.35,49.78,46.82,48.53,50.96,9.98,937,74,2.91,0,1,0,0,0,0,0,0,48276.57485
10/21/21,5.898,81.36,226,140.16,138.73,138.55,145.85,9.98,937,75,2.68,0,1,1,0,0,0,0,1,48061.2142
10/20/21,5.28,82.38,230,108.71,107.73,108.3,110.54,9.98,937,69,4.7,0,1,0,0,0,0,0,0,44666.84445
10/19/21,5.115,81.5,228.5,40.93,37.56,38.44,14.61,9.98,937,72,6.49,0,0,0,0,0,0,0,0,44702.33804
10/18/21,5.17,80.74,232,41.38,40.1,44.96,24.72,9.98,973,73,3.8,0,0,0,0,0,0,0,0,44175.28991
10/15/21,5.088,80.88,229.9,60.02,49.22,55.54,26.82,9.98,973,62,7.61,0.01,0,0,0,0,0,0,0,41187.18299
10/14/21,4.989,80.05,239.35,70.25,62.39,63.43,64.48,9.98,973,60,7.83,0.58,1,0,1,0,0,0,0,38529.33146
10/13/21,5.41,79.12,240,60.88,55.6,49.87,50.97,9.98,973,74,10.07,0,0,0,0,0,0,0,0,45997.96158
10/12/21,5.687,79.19,245,51.35,44.83,41.93,2.19,9.98,973,71,8.72,0.1,1,0,0,0,0,0,0,45945.61599
10/11/21,5.59,80.52,243.35,61.89,59.65,57.62,54.71,9.98,1032,77,4.92,0.5,1,0,1,0,0,0,0,49991.36242
10/8/21,5.505,79.35,242.35,58.59,57.94,60.78,36.03,9.98,1032,70,3.13,0,0,0,0,0,0,0,0,48462.20457
10/7/21,5.345,78.3,244.5,52.61,53.05,54.52,50.1,9.98,1032,74,2.24,0,0,0,0,0,0,0,0,45986.13268
10/6/21,5.565,77.43,238.6,52.33,52.49,55.41,55.22,9.98,1032,75,2.24,0,0,0,0,0,0,0,0,48265.17523
10/5/21,5.677,78.93,231.9,55.5,55.05,58.2,57.79,9.98,1032,72,3.8,0,0,0,0,0,0,0,0,46687.82689
10/4/21,5.675,77.62,242,65.38,64.61,66.35,67.49,9.98,1071,72,4.7,0,0,0,0,0,0,0,0,44747.72132
10/1/21,6.312,75.88,269.5,50.42,50.26,52,52.62,9.98,1071,72,7.16,1.37,1,0,1,0,0,0,0,44791.88953
9/30/21,5.766,75.03,240,49.4,48.93,50.07,51.34,8.34,1071,72,6.93,0.07,1,0,1,0,0,0,1,46465.62819
9/29/21,5.619,74.83,228,48.46,47.56,48.99,47.71,8.34,1071,67,6.26,1.19,1,0,1,0,0,0,0,44987.07635
9/28/21,5.867,75.29,218,47.2,47.43,46.48,45.07,8.34,1071,79,4.7,0.66,1,0,1,0,0,0,0,49732.14987
9/27/21,5.477,75.45,212,44.42,43.52,47.52,43.44,8.34,1123,82,5.59,0,0,0,0,0,0,0,0,48863.11878
9/24/21,5.88,73.98,210,36.88,35.41,36.98,34.12,8.34,1123,77,4.47,0,0,0,0,0,0,0,0,50369.42368
9/23/21,5.731,73.3,204.75,37.77,36.13,36,38.56,8.34,1123,78,3.8,0,0,0,0,0,0,0,0,48385.67149
9/22/21,5.14,72.23,181,44.08,40.81,37.18,44.92,8.34,1123,71,10.51,0,0,0,0,0,0,0,0,43414.95412
9/21/21,4.976,70.49,185.9,53.12,44.9,45.92,25.32,8.34,1123,68,5.14,0.05,1,0,1,0,0,0,1,42713.35012
9/20/21,4.805,70.14,180,58.02,57.21,50.66,45.16,8.34,1170,69,5.82,0,0,0,0,0,0,0,0,44729.32466
9/17/21,4.805,71.97,179.5,58.91,56.84,54.43,56.12,8.34,1170,87,3.36,0,0,0,0,0,0,0,0,54733.56569
9/16/21,4.985,72.61,177.5,48.99,49.14,49.97,49.27,8.34,1170,83,6.49,0,0,0,0,0,0,0,0,56898.35336
9/15/21,5.105,72.61,177.5,50.51,50.72,51.02,51.41,8.34,1170,79,8.95,0,1,0,0,0,0,0,0,52370.46253
9/14/21,5.335,70.46,176,49.87,49.89,52.46,50.42,8.34,1170,79,19.24,1.53,1,0,0,0,0,0,0,49337.7992
9/13/21,5.46,70.45,177.5,42.47,42.11,42.36,42.74,8.34,1189,78,11.86,1.11,1,0,0,0,0,0,0,47628.12951
9/10/21,5.26,69.72,177.45,40.83,41.39,40.19,40.87,8.34,1189,78,6.71,0,0,0,0,0,0,0,0,46126.83966
9/9/21,5.231,68.14,177.5,47.03,47.24,46.88,48.41,8.34,1189,82,6.71,0,0,0,0,0,0,0,0,49040.92061
9/8/21,4.938,69.3,177.6,46.1,46.13,46.26,47.22,8.34,1189,79,4.03,0,0,0,0,0,0,0,0,51002.59815
9/7/21,5.031,68.35,177.5,51.03,51.25,51.4,52.02,8.34,1189,78,4.25,0,1,0,0,0,0,0,0,51915.29364
9/6/21,4.914,68.88,177.35,46.91,46.99,47.01,47.72,8.34,1222,83,6.71,1.79,1,0,1,0,0,0,0,52879.29477
9/3/21,4.568,69.29,177.2,45.03,45.18,43.49,44.68,8.34,1222,81,4.03,0.74,1,0,1,0,0,0,0,53968.7111
9/2/21,4.697,69.99,178,43.29,43.36,42.08,42.58,8.34,1222,79,3.8,0,1,0,1,0,0,0,0,54226.88428
9/1/21,4.712,68.59,179,46.3,46.39,44.55,46.18,8.34,1222,88,3.8,0.77,1,0,1,0,0,0,0,57674.62254
8/31/21,4.641,68.5,177.5,76.76,76.84,74.58,77.78,7.75,1222,89,6.71,0,0,0,1,0,0,0,0,58829.16177
8/30/21,4.615,69.21,174.6,65.64,66.03,65.4,66.83,7.75,1256,87,6.71,0,0,0,0,0,0,0,0,59602.97231
8/27/21,4.377,68.74,172,39.18,39.3,39.25,39.82,7.75,1256,83,8.05,0.21,1,0,1,0,0,0,0,58741.61868
8/26/21,4.305,67.42,171.35,52.08,52.96,52.38,53.33,7.75,1256,80,6.71,0.01,1,0,1,0,0,0,0,56860.86388
8/25/21,4.388,68.36,170.95,47.81,49.04,47,46.97,7.75,1256,86,3.8,0,0,0,0,0,0,0,0,55509.70113
8/24/21,4.211,67.54,171,44.46,45.15,41.51,39.75,7.75,1256,87,3.13,0,0,0,0,0,0,0,0,58334.57629
8/23/21,3.897,65.64,170.75,41.93,42.65,38.55,36.2,7.75,1305,86,4.25,0,0,0,0,0,0,0,0,59240.24524
8/20/21,3.896,62.14,170,36.25,37.13,34.2,30.53,7.75,1305,86,5.82,0,0,0,0,0,0,0,0,59015.36249
8/19/21,3.945,63.5,170,35.25,35.68,32.35,31.76,7.75,1305,86,5.82,0,0,0,1,0,0,0,1,58225.44587
8/18/21,3.851,65.21,167.75,29.01,29.02,27.4,28.8,7.75,1305,85,5.37,0.29,1,0,1,0,0,0,0,57868.39325
8/17/21,3.83,66.59,170.9,35.41,35.43,34.78,35.87,7.75,1305,77,4.92,0.27,1,0,1,0,0,0,0,56830.68905
8/16/21,3.852,67.29,171,39.26,39.32,39.37,40.01,7.75,1363,78,4.25,0,0,0,1,0,0,0,0,52027.42953
8/13/21,3.837,68.44,172,46.5,47.24,46.54,48.3,7.75,1363,84,4.03,0,0,0,0,0,0,0,0,53156.08762
8/12/21,3.946,69.09,173.4,43.66,44.54,42.1,41.1,7.75,1363,83,5.37,0,0,0,0,0,0,0,0,53333.29914
8/11/21,3.861,69.25,172.25,38.78,40.15,35.46,32.99,7.75,1363,90,6.49,0,0,0,1,0,0,0,0,57049.93984
8/10/21,3.933,68.29,171.25,36.61,38.35,31.03,25.74,7.75,1363,88,8.28,0,0,0,0,0,0,0,0,58755.5449
8/9/21,4.059,66.48,168.75,37.62,38.28,30.06,24.6,7.75,1411,87,8.95,0,0,0,0,0,0,0,0,58467.0649
8/6/21,4.089,68.28,167.1,37.98,38.38,37.41,38.91,7.75,1411,88,4.25,0.02,0,0,0,0,0,0,0,59439.96382
8/5/21,4.06,69.09,167,43.85,44,43.8,44.72,7.75,1411,88,7.83,0.01,0,0,0,0,0,0,0,59589.18463
8/4/21,4.14,68.15,160.95,40.54,40.61,40.7,41.71,7.75,1411,84,7.16,0,0,0,0,0,0,0,0,53389.20874
8/3/21,4.14,70.56,156,36.61,36.96,36.68,38.53,7.75,1411,82,5.82,0,0,0,0,0,0,0,0,52151.43782
8/2/21,4.158,71.26,152.75,36.47,36.62,34.65,37.32,7.75,1426,82,6.93,0,0,0,0,0,0,0,0,53247.04656
7/30/21,4.027,73.95,149.75,62.36,64.83,61.83,67.34,7.23,1426,77,4.25,0,0,0,1,0,0,0,0,52888.44228
7/29/21,3.935,73.62,150,61.89,65.15,62.25,68.05,7.23,1426,87,4.92,0,0,0,0,0,0,0,0,52607.81522
7/28/21,3.914,72.39,150.1,53.68,54.02,53.47,55.33,7.23,1426,88,4.7,0,0,0,0,0,0,0,0,58047.86157
7/27/21,4.059,71.65,149.75,88.51,89.63,87.64,91.18,7.23,1426,88,5.37,0,0,0,1,0,0,0,0,57957.88073
7/26/21,3.967,71.91,149.75,95.08,96.24,93.47,97.43,7.23,1443,91,4.25,0,0,0,0,0,0,0,0,57513.49839
7/23/21,3.942,72.07,149.75,33.43,32.8,28.25,31.21,7.23,1443,91,5.37,0,0,0,0,0,0,0,0,58507.44091
7/22/21,4.102,71.91,149.75,35.03,34.94,34.29,34.66,7.23,1443,89,3.36,0,0,0,1,0,0,0,0,58312.40159
7/21/21,4.06,70.3,149.75,35.02,35.03,35.35,35.28,7.23,1443,82,4.03,0,0,0,1,0,0,0,0,55733.4501
7/20/21,4.003,67.2,150,31.48,31.51,31.96,31.83,7.23,1443,81,5.82,0,0,0,0,0,0,0,0,52548.39031
7/19/21,3.959,66.35,148.1,51.64,51.75,51.85,52.45,7.23,1484,79,4.92,0,0,0,1,0,0,0,0,51631.36733
7/16/21,3.876,71.81,146,33.56,33.67,30.36,33.17,7.23,1484,79,4.92,0.3,1,0,1,0,0,0,0,51912.97582
7/15/21,3.779,71.65,144.5,31.78,32.16,31.54,27.94,7.23,1484,87,5.82,0.18,0,0,1,0,0,0,0,53516.07621
7/14/21,3.674,73.13,144.6,31.05,30.54,32.95,21.38,7.23,1484,84,6.49,0,0,0,1,0,0,0,0,54366.97592
7/13/21,3.614,75.25,142.25,33.02,32.99,32.95,31.29,7.23,1484,82,4.47,0,0,0,1,0,0,0,0,53280.89816
7/12/21,3.66,74.1,143,35.13,35.1,34.85,35.29,7.23,1489,83,5.59,0.43,1,0,1,0,0,0,0,51490.76989
7/9/21,3.696,74.56,142.25,33.08,33.1,33.08,33.26,7.23,1489,81,8.05,1.24,1,0,0,0,0,0,0,51336.38849
7/8/21,3.749,72.94,140.75,35.88,35.97,35.86,36.33,7.23,1489,82,10.29,0.57,1,0,0,0,0,0,0,51517.07523
7/7/21,3.674,72.2,139.25,32.31,32.33,32.25,32.52,7.23,1489,83,5.82,0.05,1,0,0,0,0,0,0,48275.16852
7/6/21,3.688,73.37,137.75,32.88,32.89,32.91,32.98,7.23,1489,83,6.49,0.11,1,0,0,0,0,0,0,51544.39135
7/2/21,3.596,75.16,128.55,38.15,38.18,38.43,38.76,7.23,1477,82,4.7,0,0,0,0,0,0,0,0,50597.42016
7/1/21,3.637,75.23,127.7,38.64,38.72,38.81,39.14,7.23,1477,82,3.58,0,0,0,0,0,0,0,0,50110.91988
6/30/21,3.789,73.47,127.5,34.88,34.9,35.06,35.3,6.57,1477,83,6.49,0,0,0,0,0,0,0,0,48818.36378
6/29/21,3.7,72.98,127.5,30.4,30.42,30.46,30.66,6.57,1477,85,5.82,0.09,1,0,1,0,0,0,0,52864.23645
6/28/21,3.661,72.91,127.25,31.05,30.85,31,31.04,6.57,1477,84,7.16,0.77,1,0,0,0,0,0,0,54377.2282
6/25/21,3.65,74.05,125.5,32.8,33.76,29.84,19.55,6.57,1467,82,8.28,0,0,0,1,0,0,0,0,51614.16262
6/24/21,3.63,73.3,125,33.29,32.3,31.81,19.01,6.57,1467,82,9.4,0.01,0,0,0,0,0,0,0,48755.65279
6/23/21,3.593,73.08,126,31.37,28.71,32.92,15.3,6.57,1467,84,7.61,0.35,0,0,1,0,0,0,0,48246.08523
6/22/21,3.52,72.85,125.25,30.57,29.92,30.96,30.09,6.57,1467,86,6.93,0.32,1,0,1,0,0,0,0,57927.13229
6/21/21,3.418,73.12,125,28.43,27.06,26.8,20.36,6.57,1467,86,8.95,0,1,0,1,0,0,0,1,58027.04676
6/18/21,3.333,71.29,125.55,38.35,38.34,38.34,39.76,6.57,1446,81,4.25,0,0,0,0,0,0,0,0,55648.6402
6/17/21,3.258,70.78,127,41.21,40.94,40.6,42.75,6.57,1446,79,6.04,0,0,0,0,0,0,0,0,51314.34056
6/16/21,3.191,71.95,126,89.01,87.74,87.22,92.85,6.57,1446,86,4.7,0,0,0,0,0,0,0,0,55728.49022
6/15/21,3.215,71.86,123.7,282.16,279.71,278.77,283.7,6.57,1446,85,5.82,0.37,1,0,1,0,0,0,0,55051.99627
6/14/21,3.253,70.63,122.75,57.98,55.08,54.47,56.17,6.57,1446,85,5.14,0,0,0,0,0,0,0,0,55977.44301
6/11/21,3.251,70.6,121.6,28.16,28.61,28.1,24.69,6.57,1415,83,7.38,0,0,0,0,0,0,0,0,54781.55235
6/10/21,3.24,70.09,119,31.33,31.06,30.43,26.99,6.57,1415,84,8.05,0,0,0,0,0,0,0,0,55455.16234
6/9/21,3.352,69.79,118.9,31.81,30.89,29.75,29.68,6.57,1415,86,9.84,0,0,0,0,0,0,0,0,57046.6173
6/8/21,3.296,69.87,106,34.15,32.37,29.32,32,6.57,1415,84,10.74,0.01,0,0,0,0,0,0,0,55227.54326
6/7/21,3.149,69.04,105.5,29.12,27.38,26.24,27.82,6.57,1415,83,11.41,0,0,0,0,0,0,0,0,54888.92097
6/4/21,3.129,69.39,105,24.3,24.3,24.38,24.42,6.57,1383,78,8.05,0,1,0,0,0,0,0,0,54418.56032
6/3/21,3.128,68.6,101,25.98,25.98,26.06,26.13,6.57,1383,74,6.26,1.21,1,0,1,0,0,0,0,52351.88326
6/2/21,3.07,68.63,99.75,25.29,25.13,25.6,25.4,6.57,1383,79,5.37,3.77,1,0,1,0,0,0,1,49619.81868
6/1/21,3.097,67.52,99.1,29.39,27.54,28.88,27.73,6.57,1383,73,5.37,0.08,1,0,0,0,0,0,0,42535.21631
5/31/21,3.041,66.93,98.35,26.74,26,26.13,25.72,6.46,1383,71,11.18,0,0,0,0,0,0,0,0,42642.32164
5/28/21,3.075,66.1,99,31.19,27.32,24.29,26.94,6.46,1351,65,10.51,0.06,0,0,1,0,0,0,0,44721.16522
5/27/21,3.104,66.6,101,28.25,26.62,23.69,17.53,6.46,1351,67,8.5,0,0,0,0,0,0,0,0,42927.12007
5/26/21,3.053,65.96,100,29.12,28.47,27.29,21.04,6.46,1351,71,6.93,0,1,0,1,0,0,0,0,42338.79836
5/25/21,2.986,65.79,98.7,25.29,24.36,24.05,23.08,6.46,1351,78,8.72,0.04,1,0,1,0,0,0,0,46659.64839
5/24/21,2.958,65.78,97.6,23.53,23.01,23.3,22,6.46,1351,82,10.29,2.63,1,0,1,0,0,0,0,50447.76449
5/21/21,3.027,63.58,96.15,23.94,22.41,24.46,10.92,6.46,1328,72,10.29,0.28,1,0,0,0,0,0,0,49444.6467
5/20/21,2.974,61.94,93.8,23.67,23.21,24.3,22.26,6.46,1328,72,7.16,0,1,0,0,0,0,0,0,45155.96018
5/19/21,2.886,63.35,93,26.98,24.73,23.53,24.49,6.46,1328,70,8.28,1.21,1,0,1,0,0,0,0,42938.55718
5/18/21,2.906,65.49,92.8,26.77,23.26,22.99,22.9,6.46,1328,74,12.97,1.43,1,0,1,0,0,0,0,44549.87163
5/17/21,2.925,66.27,93.3,28.09,24.47,21.66,23.15,6.46,1328,73,7.38,2.65,1,0,1,0,0,0,0,41698.74145
5/14/21,2.964,65.37,92.9,25.19,21.29,25.04,17.15,6.46,1291,67,7.38,0,0,0,0,0,0,0,0,39496.36848
5/13/21,3.012,63.82,92.9,27.98,25.33,27.13,28.89,6.46,1291,71,6.93,0,1,0,0,0,0,0,0,41201.04917
5/12/21,3.109,66.08,93.1,31.71,25.67,27.27,31.82,6.46,1291,72,12.3,0.02,1,0,0,0,0,0,0,43438.0518
5/11/21,2.961,65.28,93.1,40.09,24.47,31,26.37,6.46,1291,64,12.97,0.08,1,0,0,0,0,0,0,40809.99036
5/10/21,2.973,64.92,93,51.76,23.55,36.85,25.57,6.46,1291,58,9.4,0,1,0,0,0,0,0,1,38598.54133
5/7/21,2.969,64.9,93.95,30.35,22.44,25.51,7.26,6.46,1266,57,6.71,0,0,0,0,0,0,0,0,37986.55702
5/6/21,2.955,64.71,93.75,32.49,28.39,29.9,30.05,6.46,1266,67,5.82,0,0,0,0,0,0,0,0,42920.12183
5/5/21,2.932,65.63,94,28.45,23.71,27.1,25.55,6.46,1266,68,7.83,0,0,0,0,0,0,0,0,44841.66526
5/4/21,2.958,65.69,94.35,40.7,25.61,27.97,23.6,6.46,1266,69,8.05,0.78,1,0,1,0,0,0,1,43096.13098
5/3/21,2.928,64.49,94.3,49.1,32.99,36.11,28.62,6.46,1266,64,11.63,0,0,0,0,0,0,0,1,41815.93571
4/30/21,2.938,63.58,93.5,39.22,31.51,29.99,30.77,5.92,1245,62,9.17,1.9,1,0,1,0,0,0,0,40332.86172
4/29/21,2.967,65.01,93.4,42.21,26.7,29.21,24.3,5.92,1245,74,11.41,0,1,0,0,0,0,0,1,43731.70794
4/28/21,2.966,63.86,93.3,48.03,34.16,29.6,36.16,5.92,1245,72,16.33,0,1,0,0,0,0,0,0,47974.9624
4/27/21,2.931,62.94,93.1,34.38,25.71,18.87,13.01,5.92,1245,62,11.41,0,1,0,0,0,0,0,0,38936.69977
4/26/21,2.911,61.91,94.85,31.33,23.44,19.43,8.7,5.92,1245,70,10.74,0,1,0,0,0,0,0,0,42595.28947
4/23/21,2.96,62.14,96.5,24.58,22.27,25.85,15.82,5.92,1221,73,11.18,0.29,1,0,0,0,0,0,0,44951.06557
4/22/21,2.942,61.43,96.25,24.2,25.26,22.16,12.91,5.92,1221,74,11.63,0.02,1,0,0,0,0,0,0,42647.70678
4/21/21,2.79,61.35,93.85,29.99,27.77,28.12,27.47,5.92,1221,55,11.86,0,0,0,0,0,0,0,0,42167.56918
4/20/21,2.73,62.67,93.95,31.89,23.48,30.19,12.29,5.92,1221,58,5.82,0,0,0,0,0,0,0,0,38610.52048
4/19/21,2.749,63.43,94.5,44.21,39.24,40.34,38.88,5.92,1221,48,3.8,0,0,0,0,0,0,0,0,37175.16696
4/16/21,2.692,63.13,94.5,30.77,27.44,44.75,19.47,5.92,1207,47,10.07,0.17,1,0,1,0,0,0,0,37648.30504
4/15/21,2.727,63.46,94,35.22,29.1,36.28,29.54,5.92,1207,59,11.18,0,1,0,1,0,0,0,0,37830.10925
4/14/21,2.749,63.15,92.75,62.58,58.66,74.81,60.53,5.92,1207,55,8.28,0.07,1,1,0,0,0,0,1,36537.654
4/13/21,2.68,60.18,91,41.3,32.2,44.41,31.82,5.92,1207,57,9.62,0.06,1,0,0,0,0,0,1,38341.57496
4/12/21,2.658,59.7,90.75,31.71,29.96,36.65,24.68,5.92,1207,65,8.28,0,1,0,0,0,0,0,0,38521.51124
4/9/21,2.618,59.32,90.5,28.63,23.64,32.56,23.53,5.92,1180,66,11.41,0,1,0,0,0,0,0,1,41243.03387
4/8/21,2.619,59.6,90.5,66.8,63.28,72.89,70.91,5.92,1180,70,7.16,0,1,0,0,0,0,0,0,42167.26825
4/7/21,2.561,59.77,90,38.67,36.06,41.85,39.74,5.92,1180,66,8.72,0.03,1,0,0,0,0,0,0,42180.07632
4/6/21,2.526,59.33,89,19.66,15.14,16.35,3.56,5.92,1180,67,13.2,0,0,0,0,0,0,0,0,43607.75985
4/5/21,2.522,58.65,89,22.4,19.49,22.56,12.4,5.92,1180,63,8.05,0,1,0,0,0,0,0,0,41024.66149
4/1/21,2.52,61.45,88.5,24.63,23.22,20.77,24.07,5.92,1164,74,8.5,0,0,0,0,0,0,0,0,41240.28299
3/31/21,2.456,59.16,88,27.6,20.16,21.34,17.7,6.25,1164,68,9.62,0,1,0,0,0,0,0,1,40723.37614
3/30/21,2.511,60.55,87.75,30.44,24,22.89,18.92,6.25,1164,65,9.62,0.01,1,0,0,0,0,0,0,37878.94159
3/29/21,2.639,61.56,87.5,24.7,18.55,20.54,11.19,6.25,1164,53,6.26,0,0,0,0,0,0,0,0,36149.93645
3/26/21,2.608,60.97,87.5,30.28,18.3,20.31,16.23,6.25,1164,68,8.72,0,1,0,0,0,0,0,0,37850.03016
3/25/21,2.623,58.56,85.6,41.06,28.32,22.92,27.13,6.25,1153,64,8.95,0,1,1,0,0,0,0,0,38566.21115
3/24/21,2.653,61.18,85.1,30.35,23.85,23.68,23.04,6.25,1153,61,11.41,0.01,1,0,0,0,0,0,0,36750.07842
3/23/21,2.619,57.76,85.5,45.25,32.06,29.85,31.22,6.25,1153,57,4.92,0.38,1,0,1,0,0,0,1,37746.21502
3/22/21,2.57,61.56,85.5,28.25,18.41,13.71,14.31,6.25,1153,64,11.86,0.01,1,0,0,0,0,0,0,37004.05527
3/19/21,2.518,61.44,85.5,29.83,28.03,27.26,28.43,6.25,1153,61,9.62,0,0,0,0,0,0,0,0,37183.04169
3/18/21,2.508,60,85.75,24.59,22.56,22.72,22.42,6.25,1142,56,13.65,0,0,0,0,1,0,0,0,37765.07466
3/17/21,2.582,64.6,86,27.52,19.54,21.34,13.4,6.25,1142,58,13.65,0.03,1,0,1,0,0,0,0,36862.04207
3/16/21,2.535,64.8,85.75,28.82,23.32,23.55,21.9,6.25,1142,51,8.05,0.01,1,0,0,0,0,0,1,36629.64982
3/15/21,2.481,65.39,86,32.59,28.87,32.14,28.25,6.25,1142,55,3.58,0,1,1,0,0,0,0,1,36744.34955
3/12/21,2.528,65.61,87.45,29.74,21.29,12.5,19.24,6.25,1142,69,13.87,0,1,0,0,0,0,0,1,37534.16904
3/11/21,2.562,66.02,87.4,32.1,20.8,8.64,17.63,6.25,1128,66,14.09,0,0,0,0,0,0,0,0,38120.10014
3/10/21,2.484,64.44,87.6,28.53,18.7,10.37,5.43,6.25,1128,63,12.3,0,0,0,0,0,0,0,0,36521.54168
3/9/21,2.6,64.01,87.5,15.39,9.74,5.55,2.56,6.25,1128,73,11.86,0,1,0,0,0,0,0,0,38525.24578
3/8/21,2.668,65.05,86.65,21.19,18.48,17.59,10.63,6.25,1128,70,7.83,0,0,0,0,0,0,0,0,37518.26691
3/5/21,2.692,66.09,83.75,18.08,16.72,19.19,10.8,6.25,1128,64,7.16,0,1,0,0,0,0,0,0,36716.4051
3/4/21,2.662,63.83,85,15.93,15.02,16.17,12.74,6.25,1123,61,5.82,0,0,0,0,0,0,0,0,36003.19583
3/3/21,2.664,61.28,86.2,22.99,22.91,23.47,22.78,6.25,1123,53,3.58,0,0,0,0,0,0,0,0,36671.8706
3/2/21,2.701,59.75,86.3,25.92,26.05,23.34,26.37,6.25,1123,60,11.41,0.01,1,0,0,0,0,0,0,35512.90944
3/1/21,2.746,60.64,86,19.66,19.29,17.12,19.37,6.25,1123,58,12.97,0.42,1,0,0,0,0,0,0,36388.13838
2/26/21,2.816,61.5,85.9,22.04,22.14,21.95,22.28,6.52,1123,51,7.83,0.02,1,0,0,0,0,0,0,37819.86437
2/25/21,2.839,63.53,85.5,18.88,18.93,18.19,18.91,6.52,1119,55,7.83,0.04,1,0,0,0,0,0,1,37827.62401
2/24/21,2.777,63.22,85.5,14.57,14.53,14.74,14.37,6.52,1119,59,5.82,0,0,0,0,0,0,0,0,37795.8196
2/23/21,2.771,61.67,85,17.94,18.02,18.12,16.7,6.52,1119,48,6.71,0,1,0,0,0,0,0,0,37513.49734
2/22/21,2.777,61.7,86.4,27.08,27.17,26.8,27.16,6.52,1119,57,5.59,0,1,0,0,0,0,0,0,36675.86748
2/19/21,2.795,59.26,87.4,5282.6,5295.19,5263.96,5287.44,6.52,1119,66,5.37,0,0,0,0,0,0,0,0,34247.401
2/18/21,2.857,60.53,87.25,8093.54,8107.47,8057.46,8112.72,6.52,1102,54,15.43,0,0,0,0,0,0,0,0,35053.67397
2/17/21,2.953,61.14,87.3,8820.33,8845.39,8810.79,8850.53,6.52,1102,53,12.53,0.54,1,0,0,0,0,1,0,34866.87385
2/16/21,3.069,60.05,86.5,6938.7,6950.4,6942.4,6964.56,6.52,1102,31,7.83,0,0,0,0,1,0,0,0,49397.20605
2/12/21,3.082,59.47,84.5,138,146.71,127.17,155.01,6.52,1102,35,16.11,0.01,1,0,0,0,0,0,1,51969.63882
2/11/21,3.219,58.24,86.336,47.47,54.59,41.7,56.29,6.52,1102,37,14.09,0.5,1,0,1,0,0,0,0,45307.77322
2/10/21,3.129,58.68,86.527,31.89,34.37,28.55,35.04,6.52,1091,39,8.5,0,1,1,0,0,0,0,0,45158.26583
2/9/21,3.064,58.36,86.545,27.23,26.79,26.58,26.95,6.52,1091,41,5.14,0,1,1,0,0,0,0,1,50168.20998
2/8/21,2.912,57.97,86.422,24.76,24.01,23.41,23.7,6.52,1091,25,9.17,0,1,0,0,0,0,0,0,59896.08461
2/5/21,2.868,56.85,86.304,23.99,23.85,23.36,23.86,6.52,1091,29,11.41,0.23,1,0,1,0,0,0,0,55645.27379
2/4/21,2.911,56.23,86.162,18.45,18.11,17.74,15.02,6.52,1091,31,10.29,0,0,0,0,0,0,0,0,48209.12771
2/3/21,2.835,55.69,86.114,21.14,20.75,19.19,20.4,6.52,1076,47,8.72,0,1,0,0,0,0,0,0,43256.24009
2/2/21,2.882,54.76,86.344,22.03,21.47,22.71,20.88,6.52,1076,49,5.14,0,0,0,0,0,0,0,0,39067.52244
2/1/21,2.863,53.55,86.345,24.26,24.61,22.41,24.98,6.52,1076,50,8.5,0,0,0,0,0,0,0,0,39566.29205
1/29/21,2.935,52.2,86.319,21.79,20.38,22.12,18.54,6.08,1076,59,6.93,0,0,0,0,0,0,0,0,37451.10197
1/28/21,2.789,52.34,86.287,24.11,25.27,23.41,25.95,6.08,1076,53,6.71,0,0,0,0,0,0,0,0,39082.66401
1/27/21,2.845,52.85,86.268,22.87,23.31,21.04,24.54,6.08,1074,47,15.21,0,0,0,0,0,0,0,0,40511.34866
1/26/21,2.85,52.61,86.263,21.9,21.61,22.41,21.82,6.08,1074,45,4.92,0,0,0,0,0,0,0,0,40853.26661
1/25/21,2.564,52.77,86.277,18.57,16.27,17.76,11.47,6.08,1074,40,9.4,0,1,0,0,0,0,0,0,41551.69141
1/22/21,2.664,52.27,86.301,21.05,21.69,25.1,22.75,6.08,1074,38,3.13,0.01,1,1,0,0,0,0,0,43893.94553
1/21/21,2.702,53.13,86.294,19.36,19.89,22.38,20.58,6.08,1074,46,2.01,0.21,1,1,0,0,0,0,0,40188.1727
1/20/21,2.636,53.31,86.287,23.77,24.17,24.56,24.89,6.08,1126,52,8.28,0,1,1,0,0,0,0,1,39049.74415
1/19/21,2.602,52.98,86.282,20.16,20.31,18.24,20.01,6.08,1126,56,6.71,0,0,0,0,0,0,0,0,37996.25919
1/18/21,2.446,52.09,86.282,19.79,19.97,18.89,17.98,6.08,1126,48,8.05,0,0,0,0,0,0,0,0,38492.49384
1/15/21,2.491,52.36,86.284,22.66,23.14,24.05,22.23,6.08,1126,46,10.51,0,0,0,0,0,0,0,0,39454.90547
1/14/21,2.539,53.57,86.287,21.44,21.47,22.42,17.37,6.08,1126,46,9.17,0,0,0,0,0,0,0,0,40889.14787
1/13/21,2.546,52.91,86.288,20.7,21.06,22.98,20.43,6.08,1126,54,4.92,0,0,0,0,0,0,0,0,38830.40054
1/12/21,2.633,53.21,86.286,25.78,26.91,29.53,27.48,6.08,1126,48,2.68,0,1,0,0,0,0,0,1,40850.44669
1/11/21,2.737,52.25,86.285,31.83,34.04,33.07,35.7,6.08,1126,53,10.74,0,0,0,0,0,0,0,0,43930.05147
1/8/21,2.666,52.24,86.285,24.37,24.62,25.52,25.2,6.08,1126,49,7.16,0,0,0,0,0,0,0,0,42437.07003
1/7/21,2.727,50.83,86.285,20.55,20.5,21.19,20.96,6.08,1163,42,10.74,0,0,0,0,0,0,0,0,45691.55259
1/6/21,2.753,50.63,86.286,16.51,16.97,15.75,12.71,6.08,1163,38,11.63,1.04,1,0,1,0,0,0,0,49363.34411
1/5/21,2.747,49.93,86.286,19.39,19.28,19.76,19.04,6.08,1163,36,6.71,0,0,0,0,0,0,0,0,50256.73832
1/4/21,2.7,47.62,86.286,19.81,19.8,20.68,19.92,6.08,1163,46,3.8,0,1,0,0,0,0,0,1,43632.31316