DATE,NG1_PRICE,NG1_PRICE_LAG,OIL_PRICE,COAL_PRICE,TAVG,ERCOT_LMP,ERCOT_DEMAND
1/4/24,2.559,,72.19,130.9,44,,48597.34173
1/3/24,2.448,2.559,72.7,128.5,39,,48591.0396
1/2/24,2.386,2.448,70.38,131.9,36,,50589.84506
12/29/23,2.327,2.386,71.65,146.4,41,,49115.0385
12/28/23,2.377,2.327,71.77,145.45,46,,48334.34214
12/27/23,2.286,2.377,74.11,146,46,,47104.66389
12/26/23,2.255,2.286,75.57,145.5,49,,47107.21938
12/22/23,2.316,2.255,73.56,145.5,58,,42634.64545
12/21/23,2.298,2.316,73.89,145.25,55,,43579.88265
12/20/23,2.208,2.298,74.22,144.25,49,,45030.01656
12/19/23,2.234,2.208,73.94,145.25,48,,47117.9038
12/18/23,2.309,2.234,72.82,144.75,53,,45609.73824
12/15/23,2.318,2.309,71.78,145.25,56,,44218.83919
12/14/23,2.26,2.318,71.91,145.5,53,,45258.61286
12/13/23,2.292,2.26,69.72,146.25,53,,45480.40708
12/12/23,2.24,2.292,68.85,146,51,,46067.89844
12/11/23,2.35,2.24,71.56,152.5,44,,48351.0264
12/8/23,2.504,2.35,71.44,151,65,,43685.61376
12/7/23,2.52,2.504,69.59,148.75,50,,44664.86691
12/6/23,2.517,2.52,69.65,140.45,53,,44171.80945
12/5/23,2.667,2.517,72.53,134.15,49,,44420.32099
12/4/23,2.651,2.667,73.32,135,55,,43640.5553
12/1/23,2.773,2.651,74.25,133.5,52,,42851.24668
11/30/23,2.763,2.773,76.05,132.15,55,,43531.67822
11/29/23,2.769,2.763,77.99,129,49,,45940.74552
11/28/23,2.798,2.769,76.59,127.45,41,,45824.28027
11/27/23,2.898,2.798,75.09,128,45,,48252.18257
11/24/23,2.949,2.898,75.77,122,50,,41516.43627
11/23/23,2.922,2.949,77.25,122.15,58,,43156.91113
11/22/23,2.983,2.922,77.92,122.15,54,,45115.44275
11/21/23,2.947,2.983,77.9,122.3,61,,43543.32118
11/20/23,3.008,2.947,76.11,122.5,61,,44032.85848
11/17/23,3.085,3.008,73.19,123.25,58,,42907.82777
11/16/23,3.189,3.085,76.8,123.1,60,,42486.50538
11/15/23,3.308,3.189,77.98,123.25,59,,41996.92159
11/14/23,3.261,3.308,77.99,122.5,55,,41961.5536
11/13/23,3.4,3.261,76.93,122,57,,41971.41092
11/10/23,3.284,3.4,75.57,123.25,56,,42518.79817
11/9/23,3.333,3.284,75.12,123,75,,45314.92124
11/8/23,3.389,3.333,76.98,122.5,74,,48030.07866
11/7/23,3.463,3.389,80.6,120.1,55,,47172.68271
11/6/23,3.564,3.463,80.23,119,70,,45470.98564
11/3/23,3.795,3.564,82.16,122.5,52,,43034.18633
11/2/23,3.75,3.795,80.1,118,60,,44786.5102
11/1/23,3.753,3.75,80.5,117.45,45,,45406.24498
10/31/23,3.813,3.753,81.68,123.5,40,,45525.86961
10/30/23,3.589,3.813,84.7,131,48,,46195.49259
10/27/23,3.718,3.589,82.54,135.2,75,,51976.83055
10/26/23,3.707,3.718,84.69,135.7,73,,50370.36266
10/25/23,3.62,3.707,82.97,133.5,67,,50187.61874
10/24/23,3.564,3.62,84.42,136.5,74,,49996.8518
10/23/23,3.512,3.564,86.82,138.35,68,,50528.7618
10/20/23,3.508,3.512,87.06,138,70,,47005.66049
10/19/23,3.576,3.508,86.09,136.5,68,,45719.62567
10/18/23,3.706,3.576,84.3,139.5,63,,43522.45716
10/17/23,3.707,3.706,84.02,142.25,55,,41870.4956
10/16/23,3.479,3.707,85.08,143.75,73,,41055.88168
10/13/23,3.584,3.479,80.73,143.85,75,,50013.11679
10/12/23,3.639,3.584,80.92,142.65,70,,47252.06284
10/11/23,3.658,3.639,82.57,141.5,75,,45583.28322
10/10/23,3.659,3.658,84.6,141.9,76,,46990.52701
10/9/23,3.631,3.659,81.28,141.35,65,,45417.39915
10/6/23,3.641,3.631,80.81,138.5,72,,48999.92203
10/5/23,3.511,3.641,82.55,140,82,,50919.64889
10/4/23,3.32,3.511,87.44,145,82,,58355.79303
10/3/23,3.313,3.32,87.17,150,79,,54812.65925
10/2/23,3.233,3.313,88.8,155,80,,55744.30858
9/29/23,3.312,3.233,89.59,160.1,85,,59550.06264
9/28/23,3.34,3.312,91.3,159.75,83,,59188.64973
9/27/23,3.29,3.34,88.78,160.35,83,,58353.62952
9/26/23,3.258,3.29,88.17,160.35,80,,57933.03319
9/25/23,3.341,3.258,88.35,160,89,,59671.73673
9/22/23,3.297,3.341,88.32,160,86,,61906.05644
9/21/23,3.267,3.297,88.34,160.5,85,,60338.32063
9/20/23,3.316,3.267,89.17,160.75,84,,58469.09538
9/19/23,3.384,3.316,89.26,160.75,79,,56890.28589
9/18/23,3.4,3.384,88.97,160.75,77,,55523.20172
9/15/23,2.932,3.4,88.81,160.5,74,,53703.09568
9/14/23,2.983,2.932,87.11,160.5,77,,53946.02853
9/13/23,2.987,2.983,87.36,162.25,80,,55454.08146
9/12/23,3.015,2.987,85.94,159,80,,56484.60897
9/11/23,2.937,3.015,86.81,158,82,,57386.83956
9/8/23,2.966,2.937,86.15,156.25,95,,68567.25864
9/7/23,2.958,2.966,86.79,157.65,93,,68467.0205
9/6/23,2.943,2.958,86.01,160,93,,67509.83906
9/5/23,2.991,2.943,85.9308,160.5,91,,67737.34653
9/4/23,2.6402,2.991,84.75,156.55,87,,63700.91234
9/1/23,3.111,2.6402,82.96,156.25,86,,61823.26731
8/31/23,3.147,3.111,81.12,156,86,,61435.6059
8/30/23,3.181,3.147,80.68,156,85,,61008.83669
8/29/23,3.062,3.181,79.67,158.5,84,,61799.86777
8/28/23,3.106,3.062,79.49,158.5,94,,63212.72314
8/25/23,3.135,3.106,78.66,149.4,94,,68799.76933
8/24/23,3.093,3.135,78.59,149,91,,68186.67923
8/23/23,3.044,3.093,79.35,150,93,,67423.54651
8/22/23,3.106,3.044,79.76,150,94,,67210.04183
8/21/23,3.193,3.106,80.2,149.25,96,,69854.56487
8/18/23,3.166,3.193,79.51,149.5,94,,69108.88905
8/17/23,3.243,3.166,78.73,147,84,,66285.24061
8/16/23,3.215,3.243,80.05,147.5,83,,63254.46935
8/15/23,2.781,3.215,81.37,147.15,86,,65330.0793
8/14/23,2.898,2.781,82.02,146.5,96,,69571.66317
8/11/23,2.882,2.898,81.8,144,94,,71136.79976
8/10/23,2.87,2.882,83.07,143,94,,70719.84759
8/9/23,3.053,2.87,82.36,142.5,94,,70060.13756
8/8/23,2.864,3.053,81.49,142.5,95,,69304.83569
8/7/23,2.813,2.864,82.27,141.1,96,,69829.72796
8/4/23,2.681,2.813,81.08,136,96,,69646.63284
8/3/23,2.67,2.681,79.13,136.85,96,,69195.94634
8/2/23,2.586,2.67,80.92,134,95,,68966.26058
8/1/23,2.672,2.586,81.32,135,93,,69051.81949
7/31/23,2.741,2.672,80.18,137.3,92,,67864.46258
7/28/23,2.753,2.741,79.63,134.45,91,,64637.84584
7/27/23,2.714,2.753,78.4,134,92,,65429.7643
7/26/23,2.809,2.714,79.2,134,93,,65808.5568
7/25/23,2.858,2.809,78.4,134,89,,65843.57202
7/24/23,2.792,2.858,76.78,133.1,86,,64191.23835
7/21/23,2.809,2.792,75.43,133,93,,65821.16217
7/20/23,2.823,2.809,75.11,132,95,,67332.66029
7/19/23,2.684,2.823,75.42,131,97,,68219.3179
7/18/23,2.618,2.684,73.89,134.35,93,,68043.54281
7/17/23,2.504,2.618,75.05,131.1,84,,65619.59958
7/14/23,2.53,2.504,76.47,131.65,95,,67233.84713
7/13/23,2.534,2.53,75.25,128,95,,67800.71666
7/12/23,2.597,2.534,74.71,129.05,89,,67208.4099
7/11/23,2.692,2.597,72.95,131,92,,65060.86317
7/10/23,2.641,2.692,73.77,133.7,84,,64274.20859
7/7/23,2.57,2.641,71.79,138,88,,58580.83831
7/6/23,2.599,2.57,71.88,139.65,89,,59234.2679
7/5/23,2.643,2.599,71.154,144.8,90,,62758.67866
7/4/23,2.7465,2.643,69.91,142.5,88,,59145.22987
7/3/23,2.702,2.7465,70.78,145,84,,60876.05258
6/30/23,2.774,2.702,70.02,128.05,91,,64519.21393
6/29/23,2.691,2.774,69.73,127.9,92,,66114.07764
6/28/23,2.646,2.691,67.9,127.9,92,,66220.06894
6/27/23,2.755,2.646,69.54,127.9,93,,66883.49957
6/26/23,2.868,2.755,69.32,125.5,91,,66334.69835
6/23/23,2.824,2.868,69.63,125.5,85,,61630.04966
6/22/23,2.694,2.824,72.52,125.75,86,,59637.18766
6/21/23,2.666,2.694,71.18,124.15,93,,64447.7742
6/20/23,2.557,2.666,71.92,126.55,87,,66020.33974
6/19/23,2.6472,2.557,70.85,128.35,85,,64432.63575
6/16/23,2.715,2.6472,68.49,128.45,84,,61757.14184
6/15/23,2.606,2.715,69.59,135.95,81,,62318.00037
6/14/23,2.416,2.606,67.3,132,74,,58986.09892
6/13/23,2.407,2.416,70.27,132.25,77,,56709.47179
6/12/23,2.336,2.407,71.31,134,86,,57980.22006
6/9/23,2.331,2.336,72.44,135.7,80,,56543.11748
6/8/23,2.434,2.331,71.85,136.25,80,,53145.68538
6/7/23,2.433,2.434,72.26,136,76,,52944.38166
6/6/23,2.381,2.433,71.84,134.45,76,,50701.7067
6/5/23,2.366,2.381,70.2,137.75,78,,49802.52711
6/2/23,2.299,2.366,68.24,131,81,,54486.00371
6/1/23,2.273,2.299,69.6,130.15,76,,53775.78473
5/31/23,2.358,2.273,73.0114,138,78,,53220.57527
5/30/23,2.416,2.358,72.76,135.1,77,,51456.88887
5/29/23,2.3421,2.416,71.93,140.65,77,,49216.78499
5/26/23,2.505,2.3421,74.29,160,75,,50731.04123
5/25/23,2.559,2.505,72.85,160,76,,50619.01326
5/24/23,2.643,2.559,71.97,160.25,76,,50752.4848
5/23/23,2.565,2.643,71.59,160,72,,51126.75373
5/22/23,2.623,2.565,71.86,160.35,68,,48532.39541
5/19/23,2.772,2.623,72.77,162.25,77,,53068.91811
5/18/23,2.787,2.772,70.66,159.35,74,,50835.09369
5/17/23,2.584,2.787,70.91,165.25,69,,48556.97372
5/16/23,2.609,2.584,69.83,163.8,75,,47532.94875
5/15/23,2.375,2.609,70.71,163.75,69,,48854.75076
5/12/23,2.266,2.375,72.35,166.5,78,,53696.38592
5/11/23,2.19,2.266,73.39,163,69,,51289.51742
5/10/23,2.191,2.19,72.81,166.95,76,,46608.79894
5/9/23,2.267,2.191,71.34,169,77,,48240.7757
5/8/23,2.238,2.267,68.56,169.65,76,,51402.35939
5/5/23,2.137,2.238,68.6,169.65,74,,53669.72756
5/4/23,2.101,2.137,71.66,178.2,74,,46959.73108
5/3/23,2.17,2.101,75.66,180.6,69,,46249.86394
5/2/23,2.214,2.17,76.78,187.55,68,,45073.43457
5/1/23,2.318,2.214,74.76,185.15,68,,43807.9372
4/28/23,2.41,2.318,74.3,189.7,58,,43455.06618
4/27/23,2.355,2.41,77.07,189.95,58,,43010.7735
4/26/23,2.305,2.355,78.76,190.15,66,,44514.97085
4/25/23,2.437,2.305,77.87,189.05,61,,41739.01649
4/24/23,2.471,2.437,77.37,190,62,,39964.10946
4/21/23,2.233,2.471,79.24,190.35,67,,43526.72249
4/20/23,2.249,2.233,80.9,191.75,76,,46852.68353
4/19/23,2.222,2.249,80.83,192.5,68,,46448.94579
4/18/23,2.366,2.222,82.43,188.3,62,,43135.20096
4/17/23,2.275,2.366,82.04,187,61,,41646.02049
4/14/23,2.114,2.275,83.09,188,69,,43914.88752
4/13/23,2.007,2.114,81.49,190.75,65,,43009.97525
4/12/23,2.093,2.007,79.77,194.6,66,,42370.59891
4/11/23,2.186,2.093,80.68,194.15,65,,41985.44191
4/10/23,2.172,2.186,80.63,193.75,63,,40755.08617
4/6/23,2.011,2.172,80.72,193.75,55,,40452.44462
4/5/23,2.155,2.011,80.44,198,67,,40923.00345
4/4/23,2.106,2.155,75.8,192.65,81,,44178.78146
4/3/23,2.097,2.106,74.49,198,65,,49220.19527
3/31/23,2.216,2.097,73.12,177.25,66,,49356.28857
3/30/23,2.104,2.216,73.34,176.75,56,,45974.88619
3/29/23,2.184,2.104,72.93,176.6,55,,42533.14078
3/28/23,2.147,2.184,69.41,176.5,58,,40618.50438
3/27/23,2.215,2.147,70.12,176.25,64,,41879.74982
3/24/23,2.361,2.215,71.02,175.35,72,,42679.43929
3/23/23,2.283,2.361,69.77,176.65,75,,45085.14422
3/22/23,2.307,2.283,67.99,176.55,62,,45793.13202
3/21/23,2.485,2.307,67.12,174,49,,43823.02494
3/20/23,2.331,2.485,68.63,173,44,,43308.23715
3/17/23,2.446,2.331,67.82,173,55,,42795.33186
3/16/23,2.626,2.446,71.57,174,58,,42288.63664
3/15/23,2.546,2.626,74.95,175,50,,41404.16957
3/14/23,2.69,2.546,76.8,180,49,,41023.91801
3/13/23,2.726,2.69,75.88,182.9,55,,40378.60255
3/10/23,2.559,2.726,76.81,185.25,57,,42936.46595
3/9/23,2.683,2.559,77.72,180,51,,44052.71697
3/8/23,2.713,2.683,80.56,182,61,,43943.11439
3/7/23,2.84,2.713,79.79,180,71,,43861.0186
3/6/23,2.73,2.84,78.31,182,68,,43232.97307
3/3/23,3.141,2.73,77.83,187.15,62,,40050.59027
3/2/23,2.899,3.141,77.19,193,61,,43811.74502
3/1/23,2.943,2.899,75.81,192,74,,44151.12071
2/28/23,2.863,2.943,76.47,192.85,64,,43557.88201
2/27/23,2.853,2.863,75.6,196.5,63,,42881.44462
2/24/23,2.701,2.853,74.19,209.2,47,,44536.04577
2/23/23,2.59,2.701,76.53,210.1,63,,43201.76251
2/22/23,2.44,2.59,77.2356,209.65,73,,43864.00135
2/21/23,2.316,2.44,76.7,209,70,,43109.15996
2/20/23,2.2383,2.316,78.9,205.65,54,,41746.6583
2/17/23,2.496,2.2383,79.02,209.35,37,,49522.05672
2/16/23,2.638,2.496,79.4,214,59,,44392.69511
2/15/23,2.709,2.638,80.45,219.9,59,,41822.24316
2/14/23,2.652,2.709,80.04,219.5,54,,40865.76488
2/13/23,2.499,2.652,78.39,221,51,,42972.48261
2/10/23,2.607,2.499,78.84,218,46,,45852.53635
2/9/23,2.492,2.607,77.56,225.5,39,,44749.975
2/8/23,2.477,2.492,74.47,239.35,52,,44182.21945
2/7/23,2.664,2.477,73.74,255.65,66,,41282.87222
2/6/23,2.535,2.664,76.2,235,54,,40485.7806
2/3/23,2.48,2.535,76.73,236,29,,50824.51398
2/2/23,2.522,2.48,79.17,245,42,,56907.24582
2/1/23,2.536,2.522,78.18,247,42,,60357.98648
1/31/23,2.741,2.536,79.96,262,43,,61591.71306
1/30/23,2.731,2.741,81.28,265.35,48,,55613.26622
1/27/23,2.878,2.731,80.44,358.1,44,,47649.07359
1/26/23,2.871,2.878,80.44,355.6,37,,48193.70071
1/25/23,2.927,2.871,81.93,354,39,,48829.47205
1/24/23,3.057,2.927,81.89,359.6,42,,46800.39196
1/23/23,3.195,3.057,80.85,360,42,,46434.3438
1/20/23,3.03,3.195,80.03,350.95,49,,42639.58876
1/19/23,3.114,3.03,80.65,363.5,56,,40718.1601
1/18/23,3.086,3.114,78.8121,368,66,,40937.85762
1/17/23,3.218,3.086,80.3,369.25,57,,40686.99127
1/16/23,3.6656,3.218,78.88,370,53,,39951.70447
1/13/23,3.165,3.6656,77.9,370.25,44,,43602.57421
1/12/23,3.306,3.165,75.6,377,66,,41022.98945
1/11/23,3.346,3.306,75.17,380,68,,41362.70477
1/10/23,3.314,3.346,74.04,393,55,,40854.44033
1/9/23,3.563,3.314,73.92,395,49,,41342.27928
1/6/23,3.392,3.563,73.1,400,48,,42189.57197
1/5/23,3.426,3.392,77.12,397.5,50,,42037.62607
1/4/23,3.78,3.426,,394.55,45,,40759.54335
1/3/23,3.641,3.78,,393.1,66,,40046.21771
12/30/22,4.104,3.641,80.45,404.15,56,,38867.53253
12/29/22,4.117,4.104,78.5,404.15,60,,38855.22646
12/28/22,4.194,4.117,79.08,402.5,38,,44318.83232
12/27/22,4.482,4.194,79.64,400.5,39,,49422.61774
12/23/22,4.419,4.482,79.64,401.1,17,,69389.35315
12/22/22,4.433,4.419,77.42,400.65,37,,56686.64521
12/21/22,4.815,4.433,78.24,401.4,42,,48756.19386
12/20/22,4.82,4.815,76.23,400.05,46,,46253.81179
12/19/22,5.253,4.82,75.44,401.35,44,,46882.40623
12/16/22,5.602,5.253,74.54,405,44,,45888.04734
12/15/22,5.82,5.602,76.12,403,44,,43821.8627
12/14/22,5.62,5.82,77.33,404,58,,41231.52764
12/13/22,6.733,5.62,75.58,405,62,,42966.55195
12/12/22,6.416,6.733,73.46,401,53,,42002.88727
12/9/22,6.082,6.416,71.43,402.5,65,,42611.84909
12/8/22,5.82,6.082,71.72,395.5,60,,43250.272
12/7/22,5.617,5.82,72.52,405,65,,42489.44013
12/6/22,5.378,5.617,74.46,408.8,72,,42194.53948
12/5/22,5.484,5.378,77.08,400.5,59,,42245.33375
12/2/22,6.169,5.484,80.05,391,42,,42477.37178
12/1/22,6.631,6.169,81.14,385,41,,46190.62647
11/30/22,6.818,6.631,80.66,397,57,,43330.62186
11/29/22,7.084,6.818,78.28,390,57,,42379.41463
11/28/22,7.018,7.084,77.33,380,49,,42222.87379
11/25/22,7.135,7.018,76.43,349.4,43,,38858.03586
11/24/22,7.1774,7.135,78.0847,347.75,43,,38745.60681
11/23/22,7.486,7.1774,78.07,346.45,43,,42098.83528
11/22/22,7.17,7.486,80.73,347.15,45,,45009.66618
11/21/22,6.962,7.17,79.91,351,40,,47814.22177
11/18/22,6.483,6.962,79.83,343.45,48,,44981.24897
11/17/22,6.491,6.483,81.09,334.6,43,,44791.11671
11/16/22,6.353,6.491,84.26,332.55,42,,45660.79209
11/15/22,6.143,6.353,85.52,341,39,,45595.55806
11/14/22,6.299,6.143,84.36,330.35,44,,44260.16382
11/11/22,6.263,6.299,87.17,326.8,65,,42471.15167
11/10/22,6.613,6.263,84.69,325,74,,44096.94465
11/9/22,6.225,6.613,84,330,66,,45540.05678
11/8/22,6.524,6.225,86.95,339,70,,45567.07473
11/7/22,7.244,6.524,90.73,345,62,,45638.28025
11/4/22,6.754,7.244,91.45,349.5,74,,46088.68897
11/3/22,6.33,6.754,87.18,354,67,,44643.00876
11/2/22,6.589,6.33,88.86,361,64,,41092.88474
11/1/22,6.08,6.589,87.19,359,63,,39788.54311
10/31/22,6.607,6.08,85.4,356.3,61,,39676.3662
10/28/22,5.953,6.607,86.61,385.7,61,,40139.69941
10/27/22,6.136,5.953,87.83,385.6,59,,40107.43486
10/26/22,6.387,6.136,86.68,386.5,56,,39482.83144
10/25/22,6.427,6.387,84.31,388.15,68,,39680.46926
10/24/22,6.034,6.427,83.59,390,78,,46520.98191
10/21/22,5.754,6.034,83.95,390,66,,42493.81795
10/20/22,6.111,5.754,83.3,391.95,54,,40160.05056
10/19/22,6.212,6.111,83.42,391,51,,38553.51379
10/18/22,6.493,6.212,81.29,387.85,57,,38181.13998
10/17/22,6.714,6.493,83.51,392.15,76,,41955.41531
10/14/22,6.827,6.714,83.55,392.5,66,,46023.09805
10/13/22,7.053,6.827,86.65,397,74,,47663.95314
10/12/22,6.766,7.053,84.74,405,75,,51311.16577
10/11/22,6.928,6.766,86.56,391.15,76,,46585.38153
10/10/22,6.784,6.928,89.84,386.5,69,,45918.51815
10/7/22,7.047,6.784,91.35,385,75,,45284.60512
10/6/22,7.242,7.047,87.59,400,74,,46586.04762
10/5/22,7.236,7.242,86.84,396.25,71,,45767.11743
10/4/22,7.174,7.236,85.5,404,68,,44854.83479
10/3/22,6.803,7.174,82.7,399,67,,44081.64931
9/30/22,7.065,6.803,78.72,433.7,72,,44481.03052
9/29/22,7.142,7.065,80.42,435.75,78,,46112.02774
9/28/22,7.2,7.142,81.24,436,74,,47304.04974
9/27/22,6.99,7.2,77.81,437.65,77,,47115.40744
9/26/22,7.235,6.99,76.18,438,81,,51474.7094
9/23/22,7.203,7.235,78.25,435.2,82,,55645.82199
9/22/22,7.378,7.203,83.03,435.65,83,,55672.61437
9/21/22,7.99,7.378,82.43,440,86,,56670.83939
9/20/22,7.932,7.99,83.28,441.3,85,,57587.3567
9/19/22,7.966,7.932,84.61,439.05,85,,57045.7761
9/16/22,7.811,7.966,84.07,439,77,,53841.41379
9/15/22,8.372,7.811,83.9,445.5,78,,51030.84304
9/14/22,9.167,8.372,87.36,444.2,80,,51310.09878
9/13/22,8.334,9.167,86.25,438,76,,51844.02561
9/12/22,8.287,8.334,86.86,436,73,,51028.04328
9/9/22,8.044,8.287,85.75,435.25,82,,52493.21419
9/8/22,7.971,8.044,83.07,440,82,,53079.73557
9/7/22,7.901,7.971,81.63,439,84,,53867.22658
9/6/22,8.212,7.901,86.51,450.25,82,,53114.97314
9/5/22,8.7486,8.212,88.789,457.8,82,,49011.00438
9/2/22,8.85,8.7486,86.48,435,79,,51697.3806
9/1/22,9.33,8.85,86.22,427.35,81,,52069.85092
8/31/22,9.189,9.33,89.03,425,81,,53031.73151
8/30/22,9.103,9.189,91.17,414.55,86,,52654.0353
8/29/22,9.4,9.103,96.19,422.75,88,,57167.53149
8/26/22,9.332,9.4,92.39,417.4,82,,55820.8338
8/25/22,9.419,9.332,92.19,417.5,80,,54610.26815
8/24/22,9.369,9.419,94.4,412.6,78,,53194.02018
8/23/22,9.225,9.369,93.25,417.6,76,,52245.81736
8/22/22,9.71,9.225,89.97,418.35,81,,53518.53621
8/19/22,9.385,9.71,90.11,416.25,81,,53149.91416
8/18/22,9.242,9.385,89.67,413.9,89,,56390.45085
8/17/22,9.297,9.242,87.3,413.9,91,,62028.05486
8/16/22,9.329,9.297,85.86,405,90,,60623.89141
8/15/22,8.728,9.329,88.41,407.5,89,,59581.14923
8/12/22,8.768,8.728,90.87,407.65,88,,59302.05616
8/11/22,8.874,8.768,92.69,401,86,,58451.5116
8/10/22,8.202,8.874,90.47,398.65,90,,59304.78474
8/9/22,7.833,8.202,88.9,384.5,93,,60747.02618
8/8/22,7.589,7.833,89.93,371,91,,61820.16185
8/5/22,8.064,7.589,88.08,361,93,,61703.69501
8/4/22,8.122,8.064,87.56,390,94,,64037.24486
8/3/22,8.266,8.122,89.74,393.5,93,,64592.9128
8/2/22,7.706,8.266,93.22,403.5,93,,63967.10144
8/1/22,8.283,7.706,92.39,405,94,,62157.63156
7/29/22,8.229,8.283,96.75,407.9,93,,62274.41922
7/28/22,8.134,8.229,94.65,411.4,93,,62555.9323
7/27/22,8.687,8.134,95.29,411.5,94,,63071.61806
7/26/22,8.993,8.687,92.88,414,94,,63502.20134
7/25/22,8.727,8.993,94.42,410.25,93,,63738.75565
7/22/22,8.195,8.727,92.43,409.2,93,,61075.06767
7/21/22,7.815,8.195,93.78,403.4,97,,64002.40593
7/20/22,7.899,7.815,96.88,408.6,97,,65677.04935
7/19/22,7.15,7.899,97.45,399,98,,65300.01149
7/18/22,7.382,7.15,96.36,396.05,95,,63521.51589
7/15/22,6.926,7.382,91.74,410,86,,57083.33861
7/14/22,6.511,6.926,90.15,415,93,,60027.78276
7/13/22,6.589,6.511,91.36,432,92,,63536.44678
7/12/22,6.021,6.589,93.31,426,92,,64123.06177
7/11/22,6.319,6.021,101.21,419,93,,64658.65182
7/8/22,5.967,6.319,101.53,412,94,,63696.5983
7/7/22,6.262,5.967,99.25,410,94,,63006.95639
7/6/22,5.482,6.262,94.98,399.7,93,,62636.14109
7/5/22,5.487,5.482,96.52,397.6,91,,62244.78297
7/1/22,5.851,5.487,105.39,396.45,89,,59362.04354
6/30/22,5.712,5.851,103.1,388,90,,57516.58134
6/29/22,5.392,5.712,107.01,385.95,83,,56469.4749
6/28/22,6.493,5.392,108.89,380,80,,55195.36202
6/27/22,6.557,6.493,106.38,393.5,84,,54604.55383
6/24/22,6.54,6.557,104.45,392.45,88,,58043.01293
6/23/22,6.258,6.54,101.58,397,92,,62606.60388
6/22/22,6.28,6.258,103.99,395,90,,62108.25671
6/21/22,6.835,6.28,107.34,392,91,,61187.3017
6/20/22,6.743,6.835,110.18,390,91,,62118.86894
6/17/22,6.713,6.743,105.78,392.75,90,,61295.29876
6/16/22,6.861,6.713,112.7,389.35,88,,60193.66414
6/15/22,7.393,6.861,110.75,395,90,,61020.03844
6/14/22,7.37,7.393,113.48,386.35,89,,60332.86213
6/13/22,7.164,7.37,115.31,383,90,,60758.56496
6/10/22,8.619,7.164,115.34,390.35,93,,62014.81122
6/9/22,8.867,8.619,116.49,392.35,85,,59371.40364
6/8/22,8.978,8.867,117.15,396,80,,57841.96524
6/7/22,8.679,8.978,114.54,395.4,85,,57924.89924
6/6/22,9.278,8.679,116.06,403,86,,59154.93599
6/3/22,9.306,9.278,116.23,415.25,85,,58245.82787
6/2/22,8.51,9.306,114.3,412.5,74,,50746.88003
6/1/22,8.474,8.51,112.72,412.5,78,,52193.13223
5/31/22,8.686,8.474,111.91,412,86,,56434.87731
5/30/22,8.138,8.686,117.24,427,84,,58124.2441
5/27/22,8.679,8.138,112.23,401,85,,54858.87329
5/26/22,8.712,8.679,111.25,406.65,71,,51381.40713
5/25/22,8.88,8.712,107.75,403,62,,46599.47471
5/24/22,8.972,8.88,107.2,400,64,,42878.42593
5/23/22,8.822,8.972,107.54,408,69,,45283.85838
5/20/22,8.813,8.822,107.17,416,66,,45780.28209
5/19/22,8.171,8.813,106.82,417.25,85,,57214.10517
5/18/22,8.39,8.171,104.07,412.1,86,,56516.18702
5/17/22,8.444,8.39,106.76,412,86,,56058.26692
5/16/22,8.38,8.444,108.91,414,81,,55594.70749
5/13/22,8.04,8.38,106.27,402.5,82,,54663.70854
5/12/22,7.663,8.04,102.42,393,83,,52472.37517
5/11/22,7.739,7.663,102.2,391.5,82,,53532.68128
5/10/22,7.64,7.739,96.87,385,82,,54604.87646
5/9/22,7.385,7.64,100.1,377.5,85,,56394.54859
5/6/22,7.026,7.385,108.33,377,85,,57310.27949
5/5/22,8.043,7.026,106.74,379.5,67,,48333.3101
5/4/22,8.783,8.043,106.22,374.35,74,,48360.12625
5/3/22,8.415,8.783,100.9,355,58,,48525.79913
5/2/22,7.954,8.415,103.42,325,69,,46950.34113
4/29/22,7.475,7.954,102.94,299.8,71,,49113.94704
4/28/22,7.244,7.475,103.47,326.3,75,,46590.54049
4/27/22,6.888,7.244,100.68,326.05,67,,44639.47029
4/26/22,7.339,6.888,100.41,326.05,63,,41744.72034
4/25/22,6.85,7.339,97.67,325,56,,39583.98586
4/22/22,6.669,6.85,101.05,328.5,68,,42327.65078
4/21/22,6.663,6.669,102.96,326,79,,47343.18382
4/20/22,7.096,6.663,101.36,331.1,80,,47384.97692
4/19/22,7.065,7.096,101.16,326.35,66,,44918.78975
4/18/22,7.277,7.065,106.41,321,63,,40222.03609
4/14/22,7.958,7.277,105.44,309.1,65,,42052.55214
4/13/22,7.321,7.958,102.89,314,63,,42097.08331
4/12/22,7.423,7.321,99.4,312,63,,41274.65208
4/11/22,7.096,7.423,93.46,303.5,74,,45956.19921
4/8/22,6.763,7.096,97.01,292,81,,46343.76853
4/7/22,6.723,6.763,95.51,291.6,75,,45177.14892
4/6/22,6.356,6.723,95.41,285,59,,38035.85871
4/5/22,6.436,6.356,100.68,286.5,60,,38363.17364
4/4/22,6.107,6.436,101.84,281,75,,42538.68727
4/1/22,6.108,6.107,97.9,264,70,,45935.58057
3/31/22,5.793,6.108,98.52,258.75,72,,41586.62663
3/30/22,5.795,5.793,105.68,264,56,,39406.21477
3/29/22,5.701,5.795,102.05,260,55,,39039.82287
3/28/22,5.658,5.701,103.42,258,69,,41398.79802
3/25/22,5.381,5.658,111.06,261,73,,43020.42036
3/24/22,5.582,5.381,109.43,327.15,75,,42077.47286
3/23/22,5.651,5.582,111.99,326.65,52,,40427.13024
3/22/22,5.487,5.651,106.55,325,49,,40147.78311
3/21/22,5.316,5.487,107.06,330,47,,40436.3828
3/18/22,5.268,5.316,100.65,329.4,59,,40443.59891
3/17/22,4.975,5.268,99.38,334.5,67,,40104.56307
3/16/22,4.946,4.975,91.59,337.25,62,,38650.6097
3/15/22,5.063,4.946,92.83,340,64,,39130.04867
3/14/22,4.829,5.063,98.44,361.5,59,,39590.97059
3/11/22,4.568,4.829,103.2,361.75,65,,38765.73106
3/10/22,4.658,4.568,99.64,368.65,52,,40555.42713
3/9/22,4.725,4.658,105.05,380,51,,47364.92373
3/8/22,4.631,4.725,119.65,420.65,45,,42286.10631
3/7/22,4.526,4.631,115.8,405,37,,45157.22262
3/4/22,4.527,4.526,112.11,422.65,41,,46456.43488
3/3/22,4.833,4.527,104.61,418.75,58,,42692.08903
3/2/22,5.016,4.833,107.06,370,64,,39175.45717
3/1/22,4.722,5.016,100.21,400,62,,39139.20969
2/28/22,4.762,4.722,93.5,301,58,,39881.72165
2/25/22,4.573,4.762,89.89,274.5,48,,42069.37117
2/24/22,4.402,4.573,90.94,239,41,,45868.37226
2/23/22,4.47,4.402,90.69,239.25,25,,57531.00659
2/22/22,4.608,4.47,90.39,238,53,,58003.53766
2/21/22,4.593,4.608,92,236.25,33,,52753.75686
2/18/22,4.461,4.593,88.6,233.85,62,,41579.75027
2/17/22,4.431,4.461,88.19,232.5,58,,40127.5983
2/16/22,4.377,4.431,89.81,234.5,40,,47519.30384
2/15/22,4.43,4.377,88.29,236,59,,42115.28915
2/14/22,4.572,4.43,91.52,239,60,,39091.55561
2/11/22,4.241,4.572,89.7,240,58,,40993.12089
2/10/22,4.16,4.241,87.26,245,49,,43271.74876
2/9/22,3.935,4.16,88.53,239.1,56,,40585.6257
2/8/22,3.943,3.935,87.9,239.25,53,,41556.2111
2/7/22,3.98,3.943,89.77,239.25,53,,42941.26038
2/4/22,4.218,3.98,90.33,236,45,,45294.17792
2/3/22,4.198,4.218,88.45,227,44,,45445.66072
2/2/22,4.492,4.198,86.69,221,49,,62677.50625
2/1/22,4.72,4.492,86.46,220,49,,59559.0153
1/31/22,5.044,4.72,86.49,210.5,57,,43605.98537
1/28/22,4.573,5.044,85.43,222.75,59,,39208.46333
1/27/22,4.675,4.573,85.29,227.65,60,,40300.4071
1/26/22,4.473,4.675,85.96,227.6,40,,45461.93658
1/25/22,4.207,4.473,84.37,227.8,39,,44524.23785
1/24/22,4.011,4.207,82.41,227.3,44,,46587.75537
1/21/22,3.883,4.011,84.14,225.25,46,,43757.04054
1/20/22,3.842,3.883,84.65,225,48,,44022.06616
1/19/22,3.746,3.842,84.79,226,28,,54734.07356
1/18/22,3.648,3.746,83.86,223.1,42,,54316.29248
1/17/22,3.826,3.648,84.27,221,63,,40560.12531
1/14/22,3.983,3.826,82.42,220.5,48,,41618.41362
1/13/22,4.267,3.983,80.86,220,42,,44934.50849
1/12/22,4.007,4.267,81.18,209.5,56,,40711.30696
1/11/22,3.938,4.007,79.98,205,51,,41830.08969
1/10/22,4.134,3.938,77.1,197.1,43,,43065.50016
1/7/22,4.249,4.134,78.44,203,40,,46535.55434
1/6/22,4.079,4.249,78.88,195,41,,44844.5597
1/5/22,3.916,4.079,77.47,193,28,,50209.97545
1/4/22,3.812,3.916,76.74,180,45,,45107.1192
1/3/22,3.882,3.812,75.85,174,51,,41465.6176
12/31/21,3.717,3.882,74.88,157.5,43,,45283.33435
12/30/21,3.815,3.717,76.61,169.6,29,,49018.88803
12/29/21,3.73,3.815,76.18,170.1,59,,40323.35772
12/28/21,3.561,3.73,75.6,171.1,60,,40065.73196
12/27/21,3.85,3.561,75.18,171,65,,40620.8314
12/23/21,3.885,3.85,73.42,170.1,70,,40670.72641
12/22/21,3.942,3.885,72.33,168.9,56,,39933.39357
12/21/21,3.63,3.942,70.82,169.4,51,,39108.4216
12/20/21,3.86,3.63,68.36,169.5,51,,40581.24206
12/17/21,3.774,3.86,70.35,169,45,,42650.21226
12/16/21,3.758,3.774,71.75,168.15,40,,42580.42554
12/15/21,3.639,3.758,70.36,168,66,,42015.76846
12/14/21,3.715,3.639,70.26,168.5,73,,42516.68905
12/13/21,3.761,3.715,70.8,164.75,69,,42714.13221
12/10/21,3.713,3.761,71.22,164.75,58,,41012.40928
12/9/21,3.761,3.713,70.54,164.25,46,,41488.58632
12/8/21,3.889,3.761,71.9,163.25,63,,43601.40151
12/7/21,3.784,3.889,71.84,161,52,,41536.85519
12/6/21,3.774,3.784,69.3,159,47,,40555.05612
12/3/21,3.674,3.774,66.1,154.1,43,,40831.12059
12/2/21,3.625,3.674,66.27,151.25,63,,40870.65386
12/1/21,4.073,3.625,65.37,155.25,64,,40052.87962
11/30/21,3.997,4.073,65.85,155,59,,39509.94799
11/29/21,4.188,3.997,69.62,157,61,,39034.72445
11/26/21,4.506,4.188,67.84,152,60,,39515.197
11/25/21,4.768,4.506,78.08,159.3,51,,40145.5263
11/24/21,5.364,4.768,77.81,157.5,54,,38755.40215
11/23/21,5.072,5.364,77.94,158,59,,37477.78022
11/22/21,5.017,5.072,76.12,160,54,,39448.81495
11/19/21,4.941,5.017,75.23,157,52,,39667.49286
11/18/21,4.769,4.941,77.55,154,61,,38586.79477
11/17/21,5.052,4.769,77.55,152.5,48,,39656.87029
11/16/21,4.904,5.052,79.74,152.5,64,,39021.79767
11/15/21,4.824,4.904,79.75,150.15,72,,41868.68147
11/12/21,5.152,4.824,79.69,150.4,66,,41030.60481
11/11/21,5.017,5.152,80.42,149.35,56,,39740.2016
11/10/21,4.791,5.017,80.06,153,57,,38834.60664
11/9/21,5.149,4.791,82.56,151.5,65,,38845.00853
11/8/21,4.88,5.149,80.74,158.5,69,,39908.76704
11/5/21,4.979,4.88,80.13,162,64,,38479.50535
11/4/21,5.427,4.979,77.7,163,59,,38538.92577
11/3/21,5.516,5.427,79.57,155.4,46,,38464.1025
11/2/21,5.716,5.516,82.44,154.75,47,,38600.32402
11/1/21,5.67,5.716,82.45,157.3,51,,39553.06173
10/29/21,5.542,5.67,81.78,140.9,67,,39456.59146
10/28/21,5.186,5.542,81.46,150,62,,39102.7276
10/27/21,5.426,5.186,81.48,223.45,62,,37114.013
10/26/21,5.782,5.426,83.36,223.7,62,,37940.94342
10/25/21,6.198,5.782,82.61,223.35,74,,43030.29825
10/22/21,6.003,6.198,82.5,223.35,74,,48276.57485
10/21/21,5.898,6.003,81.36,226,75,,48061.2142
10/20/21,5.28,5.898,82.38,230,69,,44666.84445
10/19/21,5.115,5.28,81.5,228.5,72,,44702.33804
10/18/21,5.17,5.115,80.74,232,73,,44175.28991
10/15/21,5.088,5.17,80.88,229.9,62,,41187.18299
10/14/21,4.989,5.088,80.05,239.35,60,,38529.33146
10/13/21,5.41,4.989,79.12,240,74,,45997.96158
10/12/21,5.687,5.41,79.19,245,71,,45945.61599
10/11/21,5.59,5.687,80.52,243.35,77,,49991.36242
10/8/21,5.505,5.59,79.35,242.35,70,,48462.20457
10/7/21,5.345,5.505,78.3,244.5,74,,45986.13268
10/6/21,5.565,5.345,77.43,238.6,75,,48265.17523
10/5/21,5.677,5.565,78.93,231.9,72,,46687.82689
10/4/21,5.675,5.677,77.62,242,72,,44747.72132
10/1/21,6.312,5.675,75.88,269.5,72,,44791.88953
9/30/21,5.766,6.312,75.03,240,72,,46465.62819
9/29/21,5.619,5.766,74.83,228,67,,44987.07635
9/28/21,5.867,5.619,75.29,218,79,,49732.14987
9/27/21,5.477,5.867,75.45,212,82,,48863.11878
9/24/21,5.88,5.477,73.98,210,77,,50369.42368
9/23/21,5.731,5.88,73.3,204.75,78,,48385.67149
9/22/21,5.14,5.731,72.23,181,71,,43414.95412
9/21/21,4.976,5.14,70.49,185.9,68,,42713.35012
9/20/21,4.805,4.976,70.14,180,69,,44729.32466
9/17/21,4.805,4.805,71.97,179.5,87,,54733.56569
9/16/21,4.985,4.805,72.61,177.5,83,,56898.35336
9/15/21,5.105,4.985,72.61,177.5,79,,52370.46253
9/14/21,5.335,5.105,70.46,176,79,,49337.7992
9/13/21,5.46,5.335,70.45,177.5,78,,47628.12951
9/10/21,5.26,5.46,69.72,177.45,78,,46126.83966
9/9/21,5.231,5.26,68.14,177.5,82,,49040.92061
9/8/21,4.938,5.231,69.3,177.6,79,,51002.59815
9/7/21,5.031,4.938,68.35,177.5,78,,51915.29364
9/6/21,4.914,5.031,68.88,177.35,83,,52879.29477
9/3/21,4.568,4.914,69.29,177.2,81,,53968.7111
9/2/21,4.697,4.568,69.99,178,79,,54226.88428
9/1/21,4.712,4.697,68.59,179,88,,57674.62254
8/31/21,4.641,4.712,68.5,177.5,89,,58829.16177
8/30/21,4.615,4.641,69.21,174.6,87,,59602.97231
8/27/21,4.377,4.615,68.74,172,83,,58741.61868
8/26/21,4.305,4.377,67.42,171.35,80,,56860.86388
8/25/21,4.388,4.305,68.36,170.95,86,,55509.70113
8/24/21,4.211,4.388,67.54,171,87,,58334.57629
8/23/21,3.897,4.211,65.64,170.75,86,,59240.24524
8/20/21,3.896,3.897,62.14,170,86,,59015.36249
8/19/21,3.945,3.896,63.5,170,86,,58225.44587
8/18/21,3.851,3.945,65.21,167.75,85,,57868.39325
8/17/21,3.83,3.851,66.59,170.9,77,,56830.68905
8/16/21,3.852,3.83,67.29,171,78,,52027.42953
8/13/21,3.837,3.852,68.44,172,84,,53156.08762
8/12/21,3.946,3.837,69.09,173.4,83,,53333.29914
8/11/21,3.861,3.946,69.25,172.25,90,,57049.93984
8/10/21,3.933,3.861,68.29,171.25,88,,58755.5449
8/9/21,4.059,3.933,66.48,168.75,87,,58467.0649
8/6/21,4.089,4.059,68.28,167.1,88,,59439.96382
8/5/21,4.06,4.089,69.09,167,88,,59589.18463
8/4/21,4.14,4.06,68.15,160.95,84,,53389.20874
8/3/21,4.14,4.14,70.56,156,82,,52151.43782
8/2/21,4.158,4.14,71.26,152.75,82,,53247.04656
7/30/21,4.027,4.158,73.95,149.75,77,,52888.44228
7/29/21,3.935,4.027,73.62,150,87,,52607.81522
7/28/21,3.914,3.935,72.39,150.1,88,,58047.86157
7/27/21,4.059,3.914,71.65,149.75,88,,57957.88073
7/26/21,3.967,4.059,71.91,149.75,91,,57513.49839
7/23/21,3.942,3.967,72.07,149.75,91,,58507.44091
7/22/21,4.102,3.942,71.91,149.75,89,,58312.40159
7/21/21,4.06,4.102,70.3,149.75,82,,55733.4501
7/20/21,4.003,4.06,67.2,150,81,,52548.39031
7/19/21,3.959,4.003,66.35,148.1,79,,51631.36733
7/16/21,3.876,3.959,71.81,146,79,,51912.97582
7/15/21,3.779,3.876,71.65,144.5,87,,53516.07621
7/14/21,3.674,3.779,73.13,144.6,84,,54366.97592
7/13/21,3.614,3.674,75.25,142.25,82,,53280.89816
7/12/21,3.66,3.614,74.1,143,83,,51490.76989
7/9/21,3.696,3.66,74.56,142.25,81,,51336.38849
7/8/21,3.749,3.696,72.94,140.75,82,,51517.07523
7/7/21,3.674,3.749,72.2,139.25,83,,48275.16852
7/6/21,3.688,3.674,73.37,137.75,83,,51544.39135
7/2/21,3.596,3.688,75.16,128.55,82,,50597.42016
7/1/21,3.637,3.596,75.23,127.7,82,,50110.91988
6/30/21,3.789,3.637,73.47,127.5,83,,48818.36378
6/29/21,3.7,3.789,72.98,127.5,85,,52864.23645
6/28/21,3.661,3.7,72.91,127.25,84,,54377.2282
6/25/21,3.65,3.661,74.05,125.5,82,,51614.16262
6/24/21,3.63,3.65,73.3,125,82,,48755.65279
6/23/21,3.593,3.63,73.08,126,84,,48246.08523
6/22/21,3.52,3.593,72.85,125.25,86,,57927.13229
6/21/21,3.418,3.52,73.12,125,86,,58027.04676
6/18/21,3.333,3.418,71.29,125.55,81,,55648.6402
6/17/21,3.258,3.333,70.78,127,79,,51314.34056
6/16/21,3.191,3.258,71.95,126,86,,55728.49022
6/15/21,3.215,3.191,71.86,123.7,85,,55051.99627
6/14/21,3.253,3.215,70.63,122.75,85,,55977.44301
6/11/21,3.251,3.253,70.6,121.6,83,,54781.55235
6/10/21,3.24,3.251,70.09,119,84,,55455.16234
6/9/21,3.352,3.24,69.79,118.9,86,,57046.6173
6/8/21,3.296,3.352,69.87,106,84,,55227.54326
6/7/21,3.149,3.296,69.04,105.5,83,,54888.92097
6/4/21,3.129,3.149,69.39,105,78,,54418.56032
6/3/21,3.128,3.129,68.6,101,74,,52351.88326
6/2/21,3.07,3.128,68.63,99.75,79,,49619.81868
6/1/21,3.097,3.07,67.52,99.1,73,,42535.21631
5/31/21,3.041,3.097,66.93,98.35,71,,42642.32164
5/28/21,3.075,3.041,66.1,99,65,,44721.16522
5/27/21,3.104,3.075,66.6,101,67,,42927.12007
5/26/21,3.053,3.104,65.96,100,71,,42338.79836
5/25/21,2.986,3.053,65.79,98.7,78,,46659.64839
5/24/21,2.958,2.986,65.78,97.6,82,,50447.76449
5/21/21,3.027,2.958,63.58,96.15,72,,49444.6467
5/20/21,2.974,3.027,61.94,93.8,72,,45155.96018
5/19/21,2.886,2.974,63.35,93,70,,42938.55718
5/18/21,2.906,2.886,65.49,92.8,74,,44549.87163
5/17/21,2.925,2.906,66.27,93.3,73,,41698.74145
5/14/21,2.964,2.925,65.37,92.9,67,,39496.36848
5/13/21,3.012,2.964,63.82,92.9,71,,41201.04917
5/12/21,3.109,3.012,66.08,93.1,72,,43438.0518
5/11/21,2.961,3.109,65.28,93.1,64,,40809.99036
5/10/21,2.973,2.961,64.92,93,58,,38598.54133
5/7/21,2.969,2.973,64.9,93.95,57,,37986.55702
5/6/21,2.955,2.969,64.71,93.75,67,,42920.12183
5/5/21,2.932,2.955,65.63,94,68,,44841.66526
5/4/21,2.958,2.932,65.69,94.35,69,,43096.13098
5/3/21,2.928,2.958,64.49,94.3,64,,41815.93571
4/30/21,2.938,2.928,63.58,93.5,62,,40332.86172
4/29/21,2.967,2.938,65.01,93.4,74,,43731.70794
4/28/21,2.966,2.967,63.86,93.3,72,,47974.9624
4/27/21,2.931,2.966,62.94,93.1,62,,38936.69977
4/26/21,2.911,2.931,61.91,94.85,70,,42595.28947
4/23/21,2.96,2.911,62.14,96.5,73,,44951.06557
4/22/21,2.942,2.96,61.43,96.25,74,,42647.70678
4/21/21,2.79,2.942,61.35,93.85,55,,42167.56918
4/20/21,2.73,2.79,62.67,93.95,58,,38610.52048
4/19/21,2.749,2.73,63.43,94.5,48,,37175.16696
4/16/21,2.692,2.749,63.13,94.5,47,,37648.30504
4/15/21,2.727,2.692,63.46,94,59,,37830.10925
4/14/21,2.749,2.727,63.15,92.75,55,,36537.654
4/13/21,2.68,2.749,60.18,91,57,,38341.57496
4/12/21,2.658,2.68,59.7,90.75,65,,38521.51124
4/9/21,2.618,2.658,59.32,90.5,66,,41243.03387
4/8/21,2.619,2.618,59.6,90.5,70,,42167.26825
4/7/21,2.561,2.619,59.77,90,66,,42180.07632
4/6/21,2.526,2.561,59.33,89,67,,43607.75985
4/5/21,2.522,2.526,58.65,89,63,,41024.66149
4/1/21,2.52,2.522,61.45,88.5,74,,41240.28299
3/31/21,2.456,2.52,59.16,88,68,,40723.37614
3/30/21,2.511,2.456,60.55,87.75,65,,37878.94159
3/29/21,2.639,2.511,61.56,87.5,53,,36149.93645
3/26/21,2.608,2.639,60.97,87.5,68,,37850.03016
3/25/21,2.623,2.608,58.56,85.6,64,,38566.21115
3/24/21,2.653,2.623,61.18,85.1,61,,36750.07842
3/23/21,2.619,2.653,57.76,85.5,57,,37746.21502
3/22/21,2.57,2.619,61.56,85.5,64,,37004.05527
3/19/21,2.518,2.57,61.44,85.5,61,,37183.04169
3/18/21,2.508,2.518,60,85.75,56,,37765.07466
3/17/21,2.582,2.508,64.6,86,58,,36862.04207
3/16/21,2.535,2.582,64.8,85.75,51,,36629.64982
3/15/21,2.481,2.535,65.39,86,55,,36744.34955
3/12/21,2.528,2.481,65.61,87.45,69,,37534.16904
3/11/21,2.562,2.528,66.02,87.4,66,,38120.10014
3/10/21,2.484,2.562,64.44,87.6,63,,36521.54168
3/9/21,2.6,2.484,64.01,87.5,73,,38525.24578
3/8/21,2.668,2.6,65.05,86.65,70,,37518.26691
3/5/21,2.692,2.668,66.09,83.75,64,,36716.4051
3/4/21,2.662,2.692,63.83,85,61,,36003.19583
3/3/21,2.664,2.662,61.28,86.2,53,,36671.8706
3/2/21,2.701,2.664,59.75,86.3,60,,35512.90944
3/1/21,2.746,2.701,60.64,86,58,,36388.13838
2/26/21,2.816,2.746,61.5,85.9,51,,37819.86437
2/25/21,2.839,2.816,63.53,85.5,55,,37827.62401
2/24/21,2.777,2.839,63.22,85.5,59,,37795.8196
2/23/21,2.771,2.777,61.67,85,48,,37513.49734
2/22/21,2.777,2.771,61.7,86.4,57,,36675.86748
2/19/21,2.795,2.777,59.26,87.4,66,,34247.401
2/18/21,2.857,2.795,60.53,87.25,54,,35053.67397
2/17/21,2.953,2.857,61.14,87.3,53,,34866.87385
2/16/21,3.069,2.953,60.05,86.5,31,,49397.20605
2/12/21,3.082,3.069,59.47,84.5,35,,51969.63882
2/11/21,3.219,3.082,58.24,,37,,45307.77322
2/10/21,3.129,3.219,58.68,,39,,45158.26583
2/9/21,3.064,3.129,58.36,,41,,50168.20998
2/8/21,2.912,3.064,57.97,,25,,59896.08461
2/5/21,2.868,2.912,56.85,,29,,55645.27379
2/4/21,2.911,2.868,56.23,,31,,48209.12771
2/3/21,2.835,2.911,55.69,,47,,43256.24009
2/2/21,2.882,2.835,54.76,,49,,39067.52244
2/1/21,2.863,2.882,53.55,,50,,39566.29205
1/29/21,2.935,2.863,52.2,,59,,37451.10197
1/28/21,2.789,2.935,52.34,,53,,39082.66401
1/27/21,2.845,2.789,52.85,,47,,40511.34866
1/26/21,2.85,2.845,52.61,,45,,40853.26661
1/25/21,2.564,2.85,52.77,,40,,41551.69141
1/22/21,2.664,2.564,52.27,,38,,43893.94553
1/21/21,2.702,2.664,53.13,,46,,40188.1727
1/20/21,2.636,2.702,53.31,,52,,39049.74415
1/19/21,2.602,2.636,52.98,,56,,37996.25919
1/18/21,2.446,2.602,52.09,,48,,38492.49384
1/15/21,2.491,2.446,52.36,,46,,39454.90547
1/14/21,2.539,2.491,53.57,,46,,40889.14787
1/13/21,2.546,2.539,52.91,,54,,38830.40054
1/12/21,2.633,2.546,53.21,,48,,40850.44669
1/11/21,2.737,2.633,52.25,,53,,43930.05147
1/8/21,2.666,2.737,52.24,,49,,42437.07003
1/7/21,2.727,2.666,50.83,,42,,45691.55259
1/6/21,2.753,2.727,50.63,,38,,49363.34411
1/5/21,2.747,2.753,49.93,,36,,50256.73832
1/4/21,2.7,2.747,47.62,,46,,43632.31316